text,intent
꼬모와 주차장 틀어줘,play.video
백팩 A 2,undefined
한국시리즈 삼성 KIA,undefined
재향빵집 김탁구,undefined
유튜브 홍수지 찬불가,undefined
정현이 몰아보기,play.video
유튜브 나인댄스 섬마을 선생님,undefined
공룡도감,undefined
유튜브에서 SEE YOU AGAIN,undefined
유튜브에서 ROLLERCOASTER 체험,undefined
여군 상인,undefined
유튜브 저 별과 달을,undefined
유튜브 5학년 2 학기 사회,undefined
전세집 구하기 프로젝트,undefined
솔약국 방송해주세요,play.video
친밀한,undefined
그토록,undefined
여의도 순복음 광명교회 유튜브,undefined
유튜브 연합 예배,undefined
병현이,undefined
창현이,undefined
동현이,undefined
청야니,undefined
정명희,undefined
1년이,undefined
경연이,undefined
언녀니,undefined
정은이,undefined
중년이,undefined
청년의,undefined
청년회,undefined
유튜브 크리스천 투데이,undefined
유튜브 중년 취업,undefined
유튜브 김수미 장례식,undefined
유튜브 살림하는 남자들 김승현,undefined
유튜브로 청주 기둥 교회,undefined
유튜브 김어준 뉴스 광장,undefined
유튜브 페이스 정렬,undefined
유튜브 구포시장 축제,undefined
유튜브 이종임의 스타일 채널,undefined
유튜브 KBS 열린음악회,undefined
유튜브 SOUTH KOREAN,undefined
유튜브에서 클레이 만들기,undefined
유튜브 BEYOND YOUR EYES,undefined
유튜브의 누가 이사람을 모르시나요 노래,undefined
유튜브 정목스님동요,undefined
유튜브 럭키강이 아이언맨,undefined
유튜브 DATA 다람쥐,undefined
유튜브에서 새콤달콤캐치 티니핑 마지막화,undefined
빠니유튜브,undefined
유튜브 클래시 로얄 준,undefined
유튜브 크리스찬 투데이,undefined
유튜브 소개해주는 남자,undefined
유튜브 ALWAYS I'LL CARE,undefined
유튜브에서 고스트볼 장난감,undefined
유튜브 임재범 수요예술 무대,undefined
유튜브 프로야구 KIA 삼성,undefined
유튜브 보리 막장 만들기,undefined
흔한 남매 유튜브 게임,undefined
왁타 버스 유튜브,undefined
유튜브 진양 밸리 CC,undefined
유튜브에서 고고버스 고든,undefined
유튜브 조용필 잊혀진 사랑,undefined
유튜브 찬양 잘하는 법,undefined
연합예배 유튜브,undefined
유튜브 양산국화축제,undefined
유튜브 허리 아플 때,undefined
권루트유튜브 보여줘,play.video
유튜브 오혜원 영어 노래,undefined
유튜브에서 유피의 바다 틀어줘,play.video
대구탕 끓이는 법 알려줘 유튜브,play.video
유튜브 어느 60대 노부부의 사랑이야기,undefined
유튜브 인디안 인형처럼 드럼,undefined
유튜브 FLY WITH ME,undefined
유튜브 가야 난 마린 리조트,undefined
아이들이 보는 유튜브,undefined
유튜브에서 작별하지 않는다,undefined
주님만이 왕이십니다 유튜브,undefined
유튜브 SG 워너비의 내 사람,undefined
강남 비사이드,undefined
춘화염,undefined
레드원 틀어줘,play.video
레드원 틀어,play.video
레드원 찾아줘,search.video
레드원,undefined
티니핑 장난감 틀어줘,play.video
SHOOTING 사티니핑,undefined
대학가요제 3 회,undefined
용감무쌍 용호점 15 회,undefined
이토록 친절한 배신자 5 회,undefined
토록 친밀한 배신자 틀어줘,play.video
유튜브에서 회오리 로블록스쳐줘,play.video
님아 그 강을 넘지 마요,undefined
람보 재방송,undefined
1993년 판관포청천,undefined
지구마불 우승상품,undefined
지구마불우성여행,undefined
내 이름맑음,undefined
매화도,undefined
화석지,undefined
춘화연,undefined
춘화야,undefined
해리 해리포터 아즈카반의,undefined
나의 해리케이,undefined
아 해리에게,undefined
내가 해리에게,undefined
나의 해리에게 나의 해리에게,undefined
유튜브에서 WHISTLE WHILE YOU TOUR,undefined
유튜브 그림 잘 그리는 방법,undefined
유튜브 어린이 그림 그리기,undefined
유튜브에서 올해의 작가상,undefined
유튜브 LA 청천 교회,undefined
유튜브 김영임 노래,undefined
유튜브 문경 사과축제 박지현,undefined
젤리 약국 틀어줘,play.video
정현이 재방송 채널 틀어줘,play.video
아기 상어 치카송 틀어줘,play.video
도화년,undefined
화엄경,undefined
정윤희,undefined
침향의 설,undefined
불편하나쁜동재,undefined
지구에서 온 판사 다시보기,play.video
미식전파사,undefined
유튜브 괴물 17 회,undefined
유튜브 제니 MOONLIGHT,undefined
동재,undefined
납부거나 나쁜동재,undefined
무학교회 유튜브,undefined
유튜브 번개맨 인어 공주,undefined
유튜브 티미팅 노래,undefined
유튜브 줄넘기 잘하는 방법,undefined
유튜브 IS YOU,undefined
유튜브 햄스터 미로 탈출,undefined
유튜브 하추핑 만들기,undefined
유튜브 개똥벌레 동요,undefined
유튜브 핑크퐁 동화,undefined
유튜브 그 얘기 들어봤니,undefined
유튜브에서 티니핑 이름 맞추기,undefined
유튜브에서 김경호 아버지,undefined
유튜브에서 웃긴 뽀로로,undefined
유튜브 연체 소녀,undefined
현역가왕 시즌 2 참가자 명단 유튜브,undefined
유튜브 덕희샘 오리발수영,undefined
유튜브 잊혀진 계절 노래,undefined
유튜브 편지봉투접기,undefined
유튜브 뚜식이 최면,undefined
유튜브 부동산 전망,undefined
유튜브에서 하나님과 하나되는 하루,undefined
유튜브 이코카 카드,undefined
임원희의 미식전파사,undefined
페파피그 이야기 틀어줘,play.video
이토록 친밀한 메신저 틀어줘,play.video
복면가왕 총각 김치 틀어줘,play.video
다니엘 기도회 3일차 틀어줘,play.video
당구 레슨 틀어줘,play.video
흥남철수,undefined
뚜뚜뚜,undefined
맹꽁아 찾아줘,search.video
강남사이드,undefined
짜장면 노래 유튜브,undefined
YOUTUBE 그대 먼 곳에,undefined
YOUTUBE 산골 소년의 사랑이야기,undefined
유튜브 슈팅 스타 티니핑,undefined
유튜브 슈팅 스타 캐치티니핑,undefined
유튜브 슈팅 스타 캐치티니핑 1 화,undefined
YOUTUBE 도토리 동요,undefined
YOUTUBE SHOOTING STAR THE SLEEPING,undefined
작업활동 YOUTUBE,undefined
아이콘 배치,undefined
부군대인 벨파,undefined
유튜브 돼지야,undefined
개구리 키우기 틀어줘,play.video
이장우 시골 생활,undefined
페이스미,undefined
WILD ROVER,undefined
다니엘 기도회 2024,undefined
나라는 가수 인 스페인,undefined
토끼와 대판,undefined
로티프렌즈 색깔놀이,undefined
방구맨,undefined
뉴욕 적성진,undefined
류엽적성진,undefined
최정 바둑,undefined
임영웅 더 스타디움,undefined
블랙 로터스,undefined
정숙한 3,undefined
WHY 탐험대,undefined
지옥에서 온판사 14 회 재방송,undefined
쓰레기장의 결전,undefined
크니쁘니 찾아줘,search.video
포청천 1993년 PART 5,undefined
메이드 로봇,undefined
21일간 열방과 함께 하는,undefined
로맨틱 이탈리아,undefined
이 친자,undefined
안심기,undefined
월드로봇,undefined
우승 여행,undefined
정연우,undefined
하나밖에 없는데 편,undefined
베넘 3,undefined
N SUN THE DARKNESS,undefined
풍기 사줘,undefined
교월류화,undefined
슈팅스타 캐치티비,undefined
베베핀 과일주스송,undefined
지옥에서 맞아,undefined
랩 리퍼블릭,undefined
대학가요제 4 회,undefined
와일드 로보,undefined
사장 낭만,undefined
이장우 웃어라 동해야,undefined
왕건 117 회,undefined
아메바 소녀들과 학교괴담,undefined
오작교오형제,undefined
크리스타 티니핑,undefined
북극 백화점 안내원,undefined
교월묘화,undefined
아기를 부탁해 테츠,undefined
우와 진짜 세상에 이런 일이,undefined
와!진짜? 세상에 이런일이,undefined
이토록 지독한 배신자,undefined
수타이평,undefined
수타이병: 널 위해서라면,undefined
수타이병,undefined
우정 어린 설복,undefined
대리시 소경요,undefined
김종옥 쇼,undefined
언년이,undefined
장면이,undefined
정인이,undefined
드래곤볼 무료 영화,undefined
도티앤 영원의 탑,undefined
드래곤볼 PART 5,undefined
진짜 사나이 해병대 의장대,undefined
스파이더맨 1탄,undefined
메카드볼 OS,undefined
정글의 받침,undefined
민과 순정남,undefined
허그,undefined
윌크와 콩나무,undefined
새벽의 7,undefined
이 친밀한 배신자 틀어줘,play.video
베트맨,undefined
최강시타,undefined
유튜브에서 뉴스 실시간,undefined
유튜브에서 레고 AMONG US,undefined
청지기 교회 유튜브,undefined
유튜브 우주복을 입고 우주선을 타고,undefined
유튜브 발할라 1,undefined
유튜브탕으로 만드는 방법,undefined
유튜브 순자극장,undefined
유튜브 육성재 THE GHOST,undefined
유튜브 김치 전사 한글 더빙,undefined
유튜브 실버 영어 대학교,undefined
유튜브 끈으로 만들기,undefined
유튜브 기타 트로트 주법,undefined
유튜브 시베리아 호랑이,undefined
달님아 놀자 유튜브,undefined
유튜브 김재덕 신부,undefined
유튜브에서 김영훈 응원가,undefined
유튜브 애니 오프닝,undefined
유튜브 탁주 쪼꼬 그림 그리기,undefined
유튜브 공룡메카드 노래,undefined
유튜브 디제이맥스 클리어 패스,undefined
유튜브 예 아침 찬송가,undefined
유튜브 키즈 이집트,undefined
유튜브 호기심딱지 예방접종,undefined
유튜브 토이윤하 스타트리핑,undefined
유튜브 향상교회 실시간,undefined
등주교회 유튜브,undefined
맛있는 녀석들 유튜브 가을음식,undefined
유튜브에서 어린이 색칠 놀이,undefined
유튜브 불량 식품 공장,undefined
유튜브에서 테레비 깨진 화면,undefined
유튜브에서 이태원 밤거리,undefined
유혜준 유튜브,undefined
상자 접기 유튜브 틀어줘 네모아저씨,play.video
자동차 유튜브,undefined
24년 고교 동창회 골프 8 강,undefined
경륜이,undefined
임원희의 음식 전파사,undefined
축제의 여자,undefined
대봉타경인,undefined
임원희 음식전파사,undefined
내 사랑 맹꽁이,undefined
축제의 여인,undefined
진짜루 무서울 뻔한 이야기,undefined
에일리언 리스트,undefined
와 진짜 세상이 이런 일이,undefined
무료 영화 인생은 아름다워,undefined
LOVE ME IF YOU THERE,undefined
인디팬더스,undefined
핑크퐁과 호기 내 친구 니니모,undefined
장상서,undefined
부부가수 박지헌,undefined
가요무대 30주년,undefined
장미빛 스카프,undefined
뻐꾸기 둥지 날아간 새,undefined
스타티니핑 틀어줘,play.video
공룡 이야기 동화,undefined
지구마을 우승 여행,undefined
전참치,undefined
잔혹한 배신자,undefined
도토리의 꿈,undefined
우와 진짜 세상이 이런 일이,undefined
나는 해리에게 찾아줘,search.video
지옥에서 온 판사,undefined
오작교사형제,undefined
LAST 온 마스,undefined
몬스터 윌리,undefined
꿈속의 묘,undefined
시티스타티니핑 틀어줘,play.video
설민석의 한국사 찾아줘,search.video
유튜브 가슴만 알죠,undefined
구룡성채,undefined
유튜브에서 은혜찬송 들려주세요,play.video
유튜브 고척교회 나와라,play.video
유튜브 THOSE WERE THE DAYS,undefined
유튜브에서 붕어빵 태경,undefined
유튜브 뉴스맥스,undefined
유튜브로 당신은 하나님의 사람,undefined
유튜브에서 소원이 놀이터,undefined
유튜브 대학가요제 안개,undefined
유튜브로 만보 걷기,undefined
유튜브 화산 귀환 OST,undefined
유튜브 고민중독한 시간,undefined
유튜브 잠자리 누가 누가 잘하나,undefined
유튜브에서 한화 이글스 응원가,undefined
유튜브로 김문훈 목사님 말씀,undefined
유튜브 풍금 이 노래,undefined
유튜브 하얀 눈꽃,undefined
유튜브 밍꼬발랄 헤어졌을 때 유형,undefined
유튜브 페파피그 축구 영어,undefined
유튜브에서 WHIPLASH 가사해석,undefined
유튜브 신진희 팔운동,undefined
유튜브에서 그늘에서 잘 자라는 꽃 알려줘,play.video
유튜브 태권 파워 체조,undefined
아침을 여는 구속사 만남 유튜브 풀어줘,play.video
유튜브에 내가 제일 잘나가,undefined
유튜브 송광호 노래 교실,undefined
유튜브에서 나비키우기,undefined
유튜브에서 우쿠렐라 연주 방법 알려줘,play.video
유튜브에서 문별의 기댈 곳,undefined
유튜브 빠샤메카드 노래,undefined
유튜브 다니엘 기도회 실시간,undefined
유튜브 쉬운 그림 그리기,undefined
유튜브에서 찬송가 413장 알토,undefined
유튜브 짱구는 못말려 미방영,undefined
안재현 나 혼자 산다 유튜브,undefined
유튜브 아이자야 61,undefined
유튜브 유아 그림 그리기,undefined
유튜브 히든싱어 성시경,undefined
유튜브 양파피클,undefined
유튜브로 X 세대가요,undefined
YOUTUBE SHOOTING STAR 하추핑,undefined
YOUTUBE 내 이름 맑음 QWER,undefined
YOUTUBE SHOOTING STAR 쇼핑,undefined
YOUTUBE SHOOTING STAR 하츄핑,undefined
2024 다니엘 기도회 4일차 틀어줘,play.video
다니엘 기도회 4일차 틀어줘,play.video
유튜브 올드 팝송 들려줘,play.video
유튜브에 나는 자연인 말해줘,play.video
이방인 찾아줘,search.video
유튜브 주현미 불러줘,play.video
보토스 패밀리 들려줘,play.video
영화 시간은 거꾸로 간다 보여줘,play.video
유튜브 조용한 음악 부탁해,play.video
유튜브 인간극장 재방송,undefined
유튜브를 RAINBOW FRIENDS,undefined
블랙 미션 틀어주세요,play.video
다니엘 기도회 6일차,undefined
비범의자,undefined
왕건 120 회,undefined
장지연 사교 댄스,undefined
친애 적은것 선생,undefined
나쁘거나 좋은 동재,undefined
사랑하는 나의 외톨이,undefined
친절한 선주씨,undefined
갈보리교회 수요 예배 틀어주세요,play.video
류역적 성진,undefined
반짝반짝 디저트 티니핑,undefined
픽셀파워,undefined
터닝메카드 영어,undefined
열염,undefined
전영이,undefined
브리티시 오픈의 유령,undefined
옛날 옛적 이야기 들려줘,play.video
드라마 이산이어보기,resume.video
아모르사우루스 찾아줘,undefined
옥씨 부인,undefined
화담숲,undefined
호두까기 인형과 마술피리,undefined
고둥둥심포니가 뭐야,search.video
동란설,undefined
청풍양월,undefined
좋거나 나쁜 성재,undefined
기간토랍토르,undefined
2011년 포청천,undefined
맹꽁아 결혼하자 다시보기,play.video
6일차 다니엘 기도회,undefined
풍태후,undefined
STAGE 5,undefined
영안몽 틀어줘,play.video
동물원 옆 미술관,undefined
7일간 왕비,undefined
캡슐 뽑기 틀어주세요,play.video
김땅콩,undefined
24년 다니엘 기도회,undefined
말이야와 친구들 웃긴 영상 보는거,play.video
풍기서 줘,undefined
리퍼블릭,undefined
불의의 정의,undefined
불의 정이,undefined
스페셜 위시캣을 찾아서,undefined
경세요한 틀어줘,play.video
12 A MAN,undefined
24 다니엘 기도회,undefined
클락션 보여줘,play.video
INSIGHT OUT,undefined
복면가왕 이정,undefined
가석방 심사관 이한신,undefined
SPARK A,undefined
뷰티 뉴비,undefined
BILL AND TAD,undefined
폭탄 먼지벌레,undefined
슬로우 조깅,undefined
증권통 틀어주세요,play.video
YTN 틀어줘,set.channel.selected
영어 동요 뽀로로,undefined
백성을 훔친 6쪽,undefined
지역으로 온 판사,undefined
춘화영,undefined
왕건 199 회,undefined
공룡 대발이 수학 동화,undefined
당아비 분향리,undefined
ALIEN 몰아보기,play.video
허수아비 아저씨,undefined
지구부루 마불 우승 여행,undefined
킹덤포스의,undefined
촌스러움 한 달살기,undefined
주니토니의 동화뮤지컬 알라딘 틀어줘,play.video
총 몇 몇 틀어줘,play.video
시크릿 쥬쥬 바로가기,play.video
크롱 장난감 틀어줘,play.video
여우 누이 이야기 틀어줘,play.video
열렴 틀어줘,play.video
경이로운 2 몰아보기,play.video
유튜브로 만보 걷기 부탁해요,play.video
유튜브에서 블루캅 풀어줘,play.video
FACE ME 보여줘,play.video
박서진 콘서트 틀어줘,play.video
티티쿠루 틀어줘,play.video
티티쿠르 틀어줘,play.video
메갈로 돈이야 틀어줘,play.video
야경일지 틀어줘,play.video
열혈사제줘,play.video
장애인 희망노트 틀어줘,play.video
FACE ME 열어줘,play.video
수목드라마 FACE ME 틀어줘,play.video
왕건 155 회 틀어줘,play.video
나랑 가수 보여줘,play.video
스톱 티니핑 틀어줘,play.video
맹꽁아 결혼해줘 보여줘,play.video
이토록 친근한 배신자 틀어줘,play.video
최강 배달 보여줘,play.video
꼭두의 계절 연속 곡 틀어줘,play.video
도리랑 수니랑 틀어줘,play.video
이태원 클래식 틀어줘,play.video
왕도둑 JING 틀어줘,play.video
갈 때까지 간다 틀어줘,play.video
다 같이 손뼉을 틀어줘,play.video
정숙한 재즈 틀어줘,play.video
결혼해줘 맹꽁아 1 회 재생 해줘,play.video
다니엘 기도회 9일차 틀어줘,play.video
사랑스럽개 찾아줘,search.video
마법천자문 알려줘,search.video
드라마 FACE ME 찾아줘,search.video
유튜브 엉덩이 때리기,undefined
춘하염,undefined
빨간 토마토 SCP,undefined
허기워기 2,undefined
추풍자,undefined
짐승왕과 제물공주,undefined
람포린쿠스,undefined
새벽의 모든,undefined
핑크퐁 한글노래,undefined
사나이 눈물,undefined
좋거나 나쁜 친구들,undefined
북극 백화점에 안내원,undefined
오직 그대만이,undefined
그토록 친절한 살인자,undefined
정숙한 SE,undefined
복면가왕 쩜 없는 구준표,undefined
BURN THE WITCH,undefined
야인의 시대,undefined
베몽귀리,undefined
뚜식이 순대국밥,undefined
남자라는 이유로,undefined
핑크퐁 동물 ABC,undefined
꼬꼬무 칠곡,undefined
동요세상,undefined
내 생애 가장 아름다운 이별,undefined
좋거나 나쁜 서동재,undefined
스타쇼티니핑,undefined
좋은거 나쁜 동재,undefined
글래디 80,undefined
액트 오브 밸리,undefined
팡팡종이랜드,undefined
21 다니엘 기도회,undefined
사이코 MENTALLY,undefined
빽빽것 2,undefined
잠만 루피,undefined
다니엘 기도회 4일차,undefined
그토록 치밀하게,undefined
구룡성태,undefined
집사 점프맵,undefined
캐치티니핑 DANCE,undefined
미 대선,undefined
월악산,undefined
레츠고 도리 수리,undefined
5월달 청보리,undefined
어린이 다니엘 기도회 4일차,undefined
ROBIN 네버엔딩,undefined
유튜브 신비아파트,undefined
유튜브 칭다오 맥주 박물관,undefined
유튜브 사랑해요 당신,undefined
유튜브에서 범죄도시 4탄,undefined
유튜브 오은영 박사님,undefined
경산 중앙 교회 유튜브 새벽기도회,undefined
유튜브 좀비 상어 가족,undefined
검정고시 수학 유튜브,undefined
유튜브장의 장그까이꺼,undefined
유튜브 엘 그란마하,undefined
유튜브에서 볼트 몬스터,undefined
유튜브에서 PRIPARA OPENING,undefined
유튜브 각설이윤정 품바,undefined
유튜브 바나나차차 노래,undefined
유튜브 청주 강서 교회,undefined
유튜브 히든싱어 신용재,undefined
유튜브 FOR THE GOOD TIMES,undefined
유튜브 물향기 수목원,undefined
유튜브 온천 제일 감리교회,undefined
유튜브 RUN RUN RUDOLPH,undefined
유튜브 호기심딱지 적혈구,undefined
유튜브 괜찮아 잘될거야,undefined
유튜브 경북봉화,undefined
유튜브에서 AESPA WHIPLASH,undefined
유튜브 토깽이의 상상 더하기,undefined
유튜브에서 POPPY PLAYTIME 2,undefined
유튜브에서 동물 싸움 배틀,undefined
유튜브 고고다이노동요,undefined
유튜브에서 치프 동생,undefined
유튜브에서 티니핑 퀴즈 맞추기,undefined
유튜브 전원닷컴 TV,undefined
유튜브 MY UNIVERSE,undefined
유튜브에서 체크메이트 종이 접기,undefined
유튜브 JJ 수영장 만들기,undefined
풍기 써줘,undefined
봉기서 줘,undefined
열혈사제 2 풀어줘,play.video
유튜브 왕 퀴즈해줘,play.video
토끼와 거북이 이야기해줘,play.video
이영돈 PD 찾아줘,search.video
무한도전 GD,undefined
용감무쌍용수정 108회 해주세요,play.video
뽀로로 영어 틀어주세요,play.video
아기 상어주세요,play.video
THE MET A PAT 틀어주세요,play.video
카톨릭 기독교방송 틀어주세요,set.channel.selected
페이슨이,undefined
에이스 다이아몬드,undefined
패스미,undefined
위시티,undefined
멍냥연구소,undefined
나라는 가수 재방송,undefined
레드룸스,undefined
뽀로로와 색깔놀이,undefined
오래된 노래,undefined
핑크퐁 숫자 세기,undefined
경남이,undefined
평면이,undefined
아기 상어 TOYS SONG,undefined
베이스미,undefined
윤정년,undefined
경현리,undefined
삼색 & 리리,undefined
드라마 FACE ME,undefined
정량리,undefined
기기묘묘 2,undefined
THE SILENT HOUR,undefined
열혈신부 2,undefined
THE MAGIC 스타 박준우,undefined
에이스미,undefined
이태리 친밀한 배신자,undefined
오로라 138 회,undefined
짱구 영어,undefined
저학년이,undefined
대몽귀리,undefined
헤이스미,undefined
모두 함께 부스,undefined
21일 다니엘 기도 틀어줘,play.video
RED ROOM,undefined
슈퍼맨이 돌아왔다 은후,undefined
다니엘 기도회 7일차,undefined
정년이재방,play.video
부루마블 우승 여행,undefined
버섯도리 컨텐츠,undefined
다니엘 기도회실황,undefined
월정사,undefined
구룡성채무법지대,undefined
불의 여인 정의,undefined
경영의,undefined
열흘 4 G,undefined
헬스미,undefined
너란 개념,undefined
다니엘 기도회 21일,undefined
열혈사제의,undefined
오승여행,undefined
플레이트 플랜,undefined
NEW STORY,undefined
슈팅스타 캐치 하츄핑,undefined
공룡 대발이 안전,undefined
다니엘 기도회 24,undefined
COMO AND TOY,undefined
다니엘 기도회 9일차,undefined
장야리,undefined
세일즈 정수기,undefined
순화염,undefined
전면이,undefined
백만더블의 PENTAGRAM,undefined
CHASE ME,undefined
음흉이 나르샤,undefined
열혈 4세,undefined
붕붕 꼬마 자동차,undefined
핀란드셋방살이,undefined
장안 12 지신 19 회,undefined
나만 혼자 레벨업,undefined
교수님의 유혹,undefined
백설공주에게 죽음을 이어보기,play.video
예를 사제,undefined
포켓몬스터 테라파고스의,undefined
아들의 부탁해 테츠,undefined
사운드 오브 프리덤 영화 부탁해,play.video
에이아이 자막,undefined
공주 황제의 여인,undefined
TASTE ME,undefined
2024 다니엘 기도회 10 회,undefined
가난한 사위는 회장님,undefined
열혈 신부님,undefined
나쁘거나 좋거나 동재,undefined
사랑은 외나무 다리에서,undefined
홍룡이 나르샤,undefined
영야성하,undefined
미미미누,undefined
뽀로로가 인형,undefined
INSIDE OUTSIDE,undefined
배이스미,undefined
핑크퐁 구조대 동요,undefined
아기 상어 TOYS,undefined
허영만의 맛집기행 1 회,undefined
구룡쟁패,undefined
최현석의 한돈 한우함박 스테이크,undefined
메이의 새빨간 얼굴,undefined
풍기 소주,undefined
서울 1945년,undefined
캐리의 구구단송,undefined
이토록 취미란 거짓말,undefined
다니엘 기도회 11차,undefined
꼭두의 계절 물어보기,play.video
플레시오사우루스,undefined
6시 네오야,undefined
FACE ME 1 회,undefined
드라마 야인,undefined
유튜브에 이찬원 노래 불러주세요,play.video
유튜브에서 CHEESE 틀어줘,play.video
유튜브 무열왕릉,undefined
유튜브 정수연,undefined
유튜브 지아 내 마음 별과 같이,undefined
유튜브에서 프로의 리뷰,undefined
유튜브에서 WELCOME TO THE SHOW,undefined
유튜브에서 자몽 먹방 키우기,undefined
유튜브에서 박한수 목사님,undefined
닥트 유튜브,undefined
유튜브 티니핑 발레송,undefined
잉여맨 유튜브 테마사,undefined
유튜브에서 나포리 맘보,undefined
유튜브 수험생을 위한 54일 묵주기도 감사 24일,undefined
유튜브 낭랑 18세 마지막 회,undefined
유튜브로 D D D DANCE,undefined
유튜브로 호기심딱지 적혈구가 빨간 이유,undefined
유튜브 오대양과 육대주,undefined
유튜브 드래곤볼 오프닝,undefined
유튜브 실뜨기로 쌍별 만들기,undefined
유튜브 티니핑 달랬어,undefined
유튜브 호기심딱지 적혈구가 빨간 이유,undefined
유튜브 스타즈 그리기,undefined
유튜브에서 모든 열방 주 볼때까지,undefined
유튜브로 엄마 까투리 영어동요,undefined
유튜브 믹스 청산에 살리라,undefined
유튜브에서 문산교회 해줘요,play.video
유튜브 밤하늘의 별을,undefined
유튜브 성시경 신동엽,undefined
유튜브 배호 노래 들려주세요,play.video
유튜브 TOO BAD,undefined
유튜브에서 남진이 노래,undefined
유튜브 집에서 하는 걷기 운동,undefined
지창욱 쇼 틀어줘,play.video
다니엘 기도회 13일차 틀어주세요,play.video
다니엘 기도 오늘 꺼 틀어줘,play.video
다니엘 기도회 13일차,undefined
다니엘 기도회 11일차,undefined
품위 있는 큰형 찾아줘,search.video
트롯 신동,undefined
안정환 무인도,undefined
스타스타 캐치티니핑,undefined
큰 화염,undefined
트라페 지움,undefined
지리산 단풍,undefined
이렇게 친밀한 배신자 찾아줘,search.video
스티라코사우루스,undefined
소방 안전교육,undefined
열혈사제 1 재방송,undefined
신랑 수업 김준수,undefined
사랑방 고양이,undefined
빌리할리데이 틀어쥭,play.video
류옆적성진,undefined
금강산,undefined
갑오징어,undefined
가석방 심사관,undefined
THE IDEA OF YOU,undefined
ROAD TO THE KINGDOM,undefined
FACE ME 재방송,undefined
2024 다니엘 기도회 11 회,undefined
흔한 남매 영어 ENGLISH,undefined
혈사제 몰아보기,play.video
하츄핑 사랑의 하츄핑,undefined
파티에서 추방당한 그,undefined
클리퍼스,undefined
코코멜론이 뭐야,search.video
침향,undefined
취하는 로맨스 재방송,undefined
천일야사 62 -,undefined
주렴옥 막,undefined
주렴 엄마,undefined
좋은동재,undefined
좋거나,undefined
정숙한 SAY,undefined
정연인,undefined
정령이 찾아줘,undefined
잉여맨 로블록스 집 만들기,undefined
인디애나 존스 5,undefined
이젠 사랑할수 있을까 재방송,undefined
의원 나리 틀어줘,play.video
유협적성진 보여줘,play.video
유리성,undefined
옥토넛 시즌 4 빙하탐험선 S,undefined
영이야 성하,undefined
열화군겨,undefined
연인 16차,undefined
에그 박사 PART 1 GO,undefined
심화영,undefined
순화얌,undefined
뽀로로의 그것을 알려줘라,play.video
부산향,undefined
부산항,undefined
보노보노베이비,undefined
베이비버스 직업,undefined
백반기행 올려줘,play.video
바리데기,undefined
미친 듯이 친밀한 배신자,undefined
미운 오리새 보여줘,play.video
뮤직뱅크 NMIXX,undefined
몽한록,undefined
라푼젤 영어 동화 들려줘,play.video
다니엘 기도회 정유나,undefined
다니엘 기도회 12일차,undefined
결혼하자 맹꽁 1,undefined
STAY STAY 캐치티니핑,undefined
SPIDERMAN BEYOND THE SPIDERVERSE,undefined
GRAY의 12가지 그림자,undefined
DRAMA 강남순,undefined
널 만난 그 날,undefined
강남순 다시 틀어줘,play.video
다이노스타 보여줘,play.video
빨간 모자 이야기 검색해줘,search.video
완전 무결한 커플,undefined
유튜브 한국 쿠바야구,undefined
유튜브 그 날을 기약하며,undefined
유튜브 김장김치 담그는 법,undefined
유튜브 하늘의 주,undefined
유튜브 종이접기 꽃 만들기,undefined
유튜브 우리의 밤은 당신의 낮보다 아름답다,undefined
SHOOTING STAR 유튜브,undefined
유튜브에서 스페이스 플라이트 시뮬레이터,undefined
유튜브에서 아파트 노래 들려줘,play.video
유튜브 백앤아 DOORS,undefined
유튜브 코코몽 시즌 1,undefined
유튜브에서 김세환의 옛 친구,undefined
유튜브 로또 1147회 당첨 번호,undefined
유튜브에서 레인보우 로보틱스,undefined
유튜브 도로 주행,undefined
유튜브 한국 야구,undefined
유튜브 멋진 눈사람,undefined
유튜브에서 널 생각해,undefined
유튜브 반교수의 미국 투자 스토리,undefined
유튜브 ENGLISH CAFE,undefined
유튜브 냉장고를 부탁해 이국주,undefined
유튜브 가을에 듣는 노래,undefined
카리나 그거 아세요 유튜브,undefined
유튜브 엄마도 말이야,undefined
유튜브로 깊은 숙면 노래,undefined
유튜브 고음 지역 테스트,undefined
유튜브로 DO THAT TO ME,undefined
유튜브 아파트 노래해줘,play.video
유튜브의 해바라기 꽃 노래,undefined
유튜브에서 내가 매일 기쁘게 김지선,undefined
유튜브 프리미어 야구,undefined
유튜브 오쏘아만다 피하기,undefined
고령자 복지주택 유튜브,undefined
유튜브 삼성화재 페스티벌,undefined
대리시 소경요 틀어줘,play.video
이하이의사생활 틀어줘,play.video
웅담 2 틀어줘,play.video
고고 자이언트 틀어줘,play.video
슈팅스타티니핑 6화 틀어줘,play.video
이틀후 친밀한 배신자 틀어줘,play.video
2024 다니엘 기도회 14일차 틀어줘,play.video
다니엘 기도해 틀어줘,play.video
미니특공대의 울엄마 찾아줘 틀어봐,play.video
취미는 과학이다 틀어줘,play.video
메탈갑옷 S 검색해줘, search.video
강남 비사이드 찾아줘,search.video
똘똘이 한글 틀어주세요,play.video
도화면,undefined
예를 서재,undefined
브레드이발소 빵스타,undefined
열혈화재,undefined
7인의 탈출이 뭐예요,search.video
대장이네 반찬,undefined
페이크미,undefined
타임즈 몰아보기,play.video
GLADIATOR 1,undefined
SPACE 미,undefined
장가계,undefined
나가는 가수,undefined
부족한 세일즈,undefined
독립기념관,undefined
나라는 가수다,undefined
예를 사제 2,undefined
우주 탐험대 끝없는 도전,undefined
열혈사진,undefined
와우 세상에 이런일이,undefined
외톨이,undefined
대장 반찬,undefined
열혈하게,undefined
크리스탈 티니핑,undefined
그 여자 임신 찾아줘,search.video
7080 콘서트,undefined
그래 임신 찾아줘,search.video
유튜브 한국기행,undefined
주렴 옹박,undefined
날아는 가수는,undefined
천상연,undefined
유니버스 리그,undefined
페이스비,undefined
인간극장 인생은 아름다워라,undefined
더룸 넥스트 도어,undefined
무지개 미끄럼틀,undefined
뚜식이 화장실,undefined
라라는 가수,undefined
다니엘 기도회 2024년,undefined
다니엘 기도회 14일차,undefined
HEAVEN & HELL,undefined
내일 기도회,undefined
뉴페이스,undefined
꿈해몽,undefined
나도 자연인,undefined
괜찮아 앨리스,undefined
그리지와 레밍들,undefined
지옥 1,undefined
10여사제,undefined
흔한 남매냐,undefined
CHO 불멸의 사랑,undefined
인생 NO 4,undefined
정숙한 SINGLES,undefined
열혈 4개,undefined
프리스비,undefined
다니엘 기도회 13차,undefined
스윙 클래스,undefined
STARTING UP,undefined
FACE ME 3 회,undefined
배핀,undefined
이 열혈 사제,undefined
EBSE 교과서 영어 초등,undefined
스테이트 오브,undefined
후궁까마귀,undefined
아 뚜식이,undefined
프리미어 11,undefined
이 친절한 배신자,undefined
김선경의 남산 드라이브,undefined
VIVALDI,undefined
대몽기리,undefined
초요 불멸의 사랑,undefined
아기 상어 손가락,undefined
NFL,undefined
코바니,undefined
존 명명 3,undefined
상태 이상 스킬,undefined
십이지신,undefined
진짜 최강 야구,undefined
이남자가 사랑하는 방법,undefined
솔로라서 1 회,undefined
2025 수능,undefined
황금박쥐,undefined
청량면 3,undefined
아인이,undefined
세이야,undefined
청명역 3,undefined
성곽 의용기사,undefined
이토록 친밀한 배신자들,undefined
1박 2 시청자,play.video
강호순이,undefined
나름가수,undefined
HELLO 카드,undefined
용감무쌍용수정 1편부터 다시보기,play.video
HEAR YOUR SIDE,undefined
태권도 품새,undefined
이토록 친절한 배신자 재방송,undefined
글렌토리노,undefined
전원일기 지지배배,undefined
다니엘 기도회 16일,undefined
다니엘 기도회 15일,undefined
이태백 친밀한 배신자,undefined
이데일리,undefined
롯데카드봇,undefined
호기심 딱지목이,undefined
9번 틀어줘,set.channel.selected
삼색&리리 멍냥연구소,undefined
쿵푸 PANDA 한글,undefined
FACE ME 재방송 틀어줘,play.video
슈팅스타 캐치티니핑 삐뽀핑,undefined
슈팅스타 캐치! 티니핑,undefined
나 혼자 레벨업 무료,undefined
크리스탈 펜타스톰 엑스,undefined
월요일 서재,undefined
찬란한 유산 한 번에 몰아보기,play.video
무료 드래곤볼 Z,undefined
정연웅,undefined
FACE ME 다시보기,play.video
열흘 서재,undefined
걱정하지 말아요 그대,undefined
쁘띠쁘띠,undefined
안된다 무서울 뻔한 이야기,undefined
VENOM ONE,undefined
얼음의 세계,undefined
강남 빅사이즈,undefined
의학의 청춘,undefined
예를 자재,undefined
브룩 친밀한 배신자,undefined
바디 프로젝트,undefined
준화염,undefined
열흘 사제,undefined
이의 새빨간 비밀,undefined
이상한 나라의 달빛요정,undefined
THIS IS ME,undefined
노래하는 새와 뱀의 발라드,undefined
메탈카드목,undefined
자유로 가요제,undefined
대명어사,undefined
총 몇 명삼,undefined
도리수니 스페셜 도파민,undefined
하이가쿠라,undefined
이토록 친밀한 거짓말,undefined
봉준호 감독 프란다스의 개,undefined
레지기가스,undefined
사랑앓이,undefined
오늘 다니엘 기도회,undefined
백만달러의 펜타그램,undefined
오로라 공주 148,undefined
불장난,undefined
지팡이와 검,undefined
메탈 카드 보냈어,undefined
4주 애인,undefined
흔한 남매 급식 만들기,undefined
클레이더 에이터,undefined
있도록 미친 배신자,undefined
어둠의 히어로가 되고 싶어서,undefined
총 몇 명사,undefined
글레디에이터,undefined
챌린저,undefined
열혈사제 온,undefined
유튜브에서 김희진의 찬비,undefined
유튜브 한국 호주 야구,undefined
유튜브 AESPA 노래모음,undefined
유튜브 상어뽑기,undefined
유튜브 열혈사제 시즌 1,undefined
유튜브 서울 영등포 김안과,undefined
유튜브 박영선 목사님 설교,undefined
유튜브에서 무서운 이야기,undefined
유튜브 어린이 축구 경기,undefined
유튜브 제니 런닝맨,undefined
유튜브 내가 그리는 우리 동네,undefined
유튜브 LET IT BE ME,undefined
다른 시선 등산 유튜브 틀어줘,play.video
유튜브 GO GO 자이언트,undefined
유튜브 흰눈 노래,undefined
유튜브에서 최백호의 낭만에 대하여 들려줘,play.video
유튜브 무수단,undefined
박지현 나 혼자 산다 유튜브,undefined
유튜브 실비집,undefined
유튜브에서 최고의 요리비결 여경래,undefined
유튜브 이수진 노동법,undefined
유튜브 타이슨 경기,undefined
유튜브로 THAT THAT,undefined
유튜브 분당 우리 교회 새벽 예배 찬양,undefined
유튜브 성시경 노래모음,undefined
유튜브 양지은 도련님,undefined
유튜브 볼트 레전드 브이,undefined
유튜브에서 AESPA ARMAGEDDON,undefined
유튜브에서 색종이 고무줄 총 만들기,undefined
YOUTUBE LET IT BE ME,undefined
부모님 전상서 틀어줘 47 회,play.video
한국을 빛낸 100명의 위인들 보여줘,play.video
다니엘 기도회 18일차 틀어줘,play.video
중견만리 찾아줘,search.video
붕붕구조대 대활약 틀어줘,play.video
허약만이 틀어줘,play.video
노포식당 찾아줘,search.video
나가는 가수 틀어줘,play.video
크리스마스 칸타타,undefined
미래 기획 대전환,undefined
미우라고라,undefined
아메리칸 걸 홀리데이,undefined
이토록 친밀한 지배자,undefined
시골에 간 도시들,undefined
푸른 수염,undefined
그제 임신 3,undefined
일요일 서재,undefined
UNFORGETTABLE DUET,undefined
은혜 샘물 교회,undefined
고질라 콩 NEW EMPIRE,undefined
올림푸스,undefined
허형만 백반기행,undefined
홀로라서,undefined
대장이,undefined
수카바티 극락축구단,undefined
도화연,undefined
무료 정년이,undefined
정년이네,undefined
이를 서재,undefined
그래 임신 3,undefined
유협적성진,undefined
깨이키즈,undefined
구리구리 통통,undefined
인민을 위하여,undefined
육사에,undefined
베이브의,undefined
코코로의 언덕,undefined
대장이 반찬가게,undefined
도쿄 GHOUL,undefined
준아염,undefined
K G M A,undefined
KEI G NA,undefined
K G A M A,undefined
KEI G MA,undefined
KDMA,undefined
케이지 MA,undefined
KAZMA,undefined
케이치 MA,undefined
다니엘 기도회 16차,undefined
주렴 복막,undefined
수리 수리 과학 미술,undefined
주니토니 태양계,undefined
강남 1970년,undefined
괴담클럽 MOODS 애무,undefined
코리아 그랜드뮤직 어워드,undefined
나라는 가수인,undefined
일요일 자재,undefined
산도깨비,undefined
삼색 &리리멍냥 연구소,undefined
한글 어드벤처,undefined
목중무,undefined
공룡 다이노포스,undefined
정숙한 사이즈,undefined
너를 좋아하는 100명의 그녀,undefined
코리아 그랜드뮤직,undefined
상어접기,undefined
송년회,undefined
주렴옹막,undefined
열혈 4부,undefined
불후의 MANGO,undefined
민피키드,undefined
그토록 친밀한 비밀,undefined
친절한 현주 씨,undefined
나라는 가스,undefined
유튜브 다람쥐는 모를 거야,undefined
유튜브로 HEART OP,undefined
유튜브 나라 수도 맞추기,undefined
유튜브 뽀로로 장난감 TV,undefined
유튜브에서 뭉쳐야 찬다 골키퍼 훈련,undefined
유튜브 박현호,undefined
너는 꽃이야 유튜브,undefined
유튜브에서 이 팩스,undefined
유튜브 숨어우는 바람소리,undefined
시니어요가 유튜브,undefined
유튜브 신생 BEDWARS,undefined
유튜브에서 강강술래 노래,undefined
유튜브 친친모 가을 운동회,undefined
유튜브 광주 안디옥 교회 서울,undefined
유튜브 날 달걀 먹는 법,undefined
유튜브 찌든 때 빼는 거,undefined
유튜브에서 달팽이의 하루 책상 춤,undefined
유튜브 공간나다움,undefined
유튜브 날씨 틀어줘,play.video
루트 더하기 유튜브 틀어줘,play.video
유튜브 미스터 LONELY,undefined
유튜브 타이탄드릴 맨 노래,undefined
아기 상어 지진 안전송 틀어줘,play.video
모야모야 보여줘,play.video
본 영화 틀어줘,play.video
이한신 찾아줘,search.video
영어 상어 가족 들려줘,play.video
넝쿨째 굴러온 가줘,play.video
안심기 6 회 보여줘,play.video
레스큐 팀,undefined
캐나다 동부여행 틀어줘,play.video
풍월 무변,undefined
특전영요,undefined
친절한 현자씨,undefined
LAST SURVIVOR,undefined
자유의 여신상,undefined
최강왕도감,undefined
ACID RAIN,undefined
풍월 무편,undefined
TV조선 열어주세요,set.channel.selected
이젠 사랑,undefined
잠수함 영어,undefined
모두 함께 부스노,undefined
예람워십,undefined
철의 뼈,undefined
SUPERHERO 아기 상어,undefined
정숙한 SAILOR,undefined
친절한 선자씨,undefined
친절한 선주,undefined
이혼숙려캠프 몰아보기,play.video
BASTOGNE,undefined
영화 그리움은 가슴마다,undefined
LITTLE FLOWER,undefined
세일즈맨 정수기,undefined
당신만 내 사랑,undefined
당신만이 내 사람,undefined
친구와 신공룡,undefined
건전지 엄마,undefined
다니엘 기도회 21일 19차,undefined
한끗차이 설 코멘터리,undefined
열혈형사 1,undefined
도네이션 W,undefined
착한선주씨,undefined
KBL,undefined
윤항기,undefined
전지희 탁구,undefined
지식살롱,undefined
BTS 2018 MAMA 공연,undefined
상어 장난감,undefined
떡국송 PART 1,undefined
이동식 주택,undefined
꼬꼬타이노,undefined
깨비키즈 토토,undefined
최강 야구 순위 틀어줘,play.video
알록과 친구들,undefined
친절한 순자씨,undefined
남극을 가다,undefined
풍월 모편,undefined
진실한 선주씨,undefined
금강경독송회,undefined
달팽이 이야기 틀어줘,play.video
추간판 탈출증,undefined
사당귀,undefined
단다단,undefined
7080 가요콘서트,undefined
동물 스티커,undefined
SEIN의 추억,undefined
겟세마네,undefined
무료 영화 하이큐,undefined
아기 상어 REMIX,undefined
결혼하자 맹꽁아 무료,undefined
행복한 여자 드라마,undefined
탁주쪼꼬 아쿠아리움,undefined
탁주쪼꼬,undefined
FACE ME 드라마,undefined
소녀시대 아는 형님 티파니 영,undefined
영수증 마지막 회,undefined
핑크퐁의 흔들흔들 체조 노래,play.video
베베핀 자장가 동요 틀어줘,play.video
불교 심리학,undefined
유튜브 여주 시민 합창단,undefined
유튜브 옛날 팝송,undefined
유튜브 핑크퐁 오싹오싹,undefined
얀마콤바인수리 유튜브,undefined
유튜브 구급차 싸이렌 소리,undefined
김초코 유튜브,undefined
유튜브 종이접기 반지 만들기,undefined
유튜브 각설이 해줘,undefined
유튜브 마음 공부,undefined
유튜브 미국 주식 SO XL,undefined
유튜브 일렉기타 배우기,undefined
유튜브 최화정 컨실러,undefined
범안스님 유튜브,undefined
연애말고 결혼 유튜브,undefined
유튜브로 설채현의 놀러와,undefined
유튜브 호도협 트레킹,undefined
유튜브 발로란트 제노 헌터,undefined
유튜브 VLAD AND NIKI,undefined
유튜브 이단표창 만들기,undefined
유튜브 WE WISH YOU A MERRY CHRISTMAS,undefined
유튜브에서 SIA의 SNOWMAN,undefined
유튜브 연개소문의 두 얼굴,undefined
유튜브 마법의 약이라고요,undefined
애수의 소야곡 유튜브,undefined
유튜브 야생집짓기,undefined
유튜브 리틀 야구단,undefined
유튜브 정리합시다 노래,undefined
유튜브 참치김밥,undefined
태권 1 장부터 8 장까지 유튜브,undefined
유튜브 예쁘면 다냐,undefined
유튜브에서 DISCORD 활용법,undefined
띠띠뽀 유튜브 틀어줘,play.video
지금 거신 전화는 틀어줘,play.video
지금 거신 전화는 찾아줘,search.video
용수정 마지막 회,undefined
와타텐,undefined
오로라 공주 148회,undefined
크리스타 티니핑 틀어줘,play.video
진짜 사나이 연결해줘,play.video
지금 거신 전화는 보여줘,play.video
드라마 지금 거신 전화는 틀어줘,play.video
지금 거신 전화는 드라마 틀어줘,play.video
혜신 좀 틀어줘,play.video
사랑은 외다리나무에서 틀어줘,play.video
지금 하고 있는 뚜식이 틀어줘,play.video
위시티 검색해줘,search.video
중화 대반점 보여줘,play.video
글래디에이터 II,undefined
2024 MAMA AWARDS,undefined
선주씨,undefined
마마지드래곤,undefined
유튜브 줘 HENMI,undefined
미스터트롯 찾아줘,undefined
부모님 전상서 30회,undefined
지금 거는 전화는,undefined
지금 거신 전화번호는,undefined
마마지디,undefined
빅뱅 마마,undefined
진실한 승주 씨,undefined
SHOOTING STAR 하츄핑,undefined
핸섬가이저,undefined
LAST SESSION,undefined
STAR 하츄핑,undefined
공룡의 왕 디노 극장판,undefined
포켓몬 크리스탈,undefined
변우석 MAMA,undefined
디아루가와 펄기아 싸움,undefined
다니엘 기도회 21일차,undefined
친절한 전주시,undefined
준하형,undefined
네모바지 슈퍼 슈퍼,undefined
허영만이,undefined
베이비 몬스터,undefined
안녕하세요 아저씨,undefined
친절한 상주시,undefined
혹시 부인전,undefined
인천 시립 합창단,undefined
최진사댁 셋째딸,undefined
짱구엄마 임신,undefined
지드래곤 마마,undefined
한 번쯤 이혼을 결심할때,undefined
설경구길 복순,undefined
랄랄라 전화놀이,undefined
진실한 손주씨,undefined
아는 형님다 5,undefined
평생학교 1 강 틀어주세요,play.video
류현진 자선 골프,undefined
지금 전화 거신 것은,undefined
2014 MAMA AWARDS,undefined
혹시 부인,undefined
사랑해 아주 비,undefined
별을 훔친 여인,undefined
블랙앤 신부,undefined
야의 시대,undefined
페이스맨,undefined
친절한 순주씨,undefined
압구정도 백야,undefined
지금 걸린 전화는,undefined
불의 화신정이,undefined
뱅글뱅글 태양계,undefined
운명처럼 만난 너,undefined
고양이를 그린 화가,undefined
블랙 매지션,undefined
여우야 성하,undefined
366일,undefined
페이슬리,undefined
뽀로로 바다 노래,undefined
고흐 영원의 문,undefined
지금 걸려온 전화는,undefined
JOURNEY TO BETHLEHEM,undefined
와 진짜 세상에 이런,undefined
춘와염,undefined
지금 거신 전화는 재방,undefined
뽀로로 응급실 동화,undefined
최강왕 토가,undefined
무료 영화 람보 3,undefined
회신 17 회,undefined
엄마 자판기,undefined
브이 포 벤젠스,undefined
브레드이발소 타운,undefined
포켓몬 크리스탈 데뷔,undefined
마마 AESPA,undefined
PASSION OF THE CHRIST,undefined
거신 지금 전화는,undefined
모던 패밀리에서,undefined
마마 2024년,undefined
심사관 이한신,undefined
도화 안녕,undefined
무료 영화 미이라 3,undefined
ALAS 친구들,undefined
최강 도감,undefined
걸끝까지 간다,undefined
알로스 무료,undefined
알로스 친구들,undefined
다니엘 기도회 재방송,undefined
의리의 의리를 무는 그 날 이야기,undefined
LITTLE DINOSAURS,undefined
버섯돌이 많아,undefined
지금 거신 번호는,undefined
코난 PENTAGRAM,undefined
트로트 유랑단,undefined
글자마왕의 성,undefined
산복도로,undefined
DANCE WITH ME,undefined
레스터 첼시,undefined
고양이 위치 캣,undefined
지금 거신 전화 틀어줘,play.video
PASSION OF GREAT,undefined
더 이퀄라이저 4,undefined
3 CE & 리리,undefined
술 취하는 로맨스,undefined
백룸,undefined
좌골신경통,undefined
MAMA AWARDS 2023년,undefined
열혈제작 2,undefined
YOUR EYES,undefined
열혈 4 부 2,undefined
핑크퐁 TYRANNOSAURUS 모음집,undefined
플랑크톤,undefined
세븐틴 마마,undefined
어머님 전상서,undefined
TALK TALK,undefined
주렴 옥마,undefined
PART 2 메카드볼,undefined
INSIGHT OUT TO,undefined
이혼숙려캠프 14 회,undefined
위스텍,undefined
강자가 살아남는 법 1,undefined
SPACE SONG,undefined
QUIET PLACE DAY 1,undefined
부스누,undefined
나 같은 죄인 살리신,undefined
아일랜드 1,undefined
지금 거신 전화번호,undefined
반 고흐 영원의 문에서,undefined
영아성하,undefined
에어포스 2,undefined
원수는 외나무다리에서,undefined
외나무 다리에서,undefined
사랑은 외나무,undefined
아기 상어 말랑이,undefined
압구정 더 베이야,undefined
사랑의 외나무 다리,undefined
영화 조명 가게,undefined
조명 가게,undefined
김정문알로에,undefined
당신만은 내 사랑,undefined
원수는 외나무 다리,undefined
지금 거신,undefined
기초 한글,undefined
지금 거신 전화는 1 회,undefined
FIVE NIGHTS AT PARIS 틀어줘,play.video
주로 둘이서,undefined
하늘을 달리다,undefined
2024 마마 다시보기,play.video
슈가슈가룬 번역판,undefined
지금 거신 전화하는,undefined
더 딴따라 재방송,undefined
지금 거신 전화를,undefined
헤이지니 슬라임,undefined
이해하면 무서운 옥에티 틀어줘,play.video
지디 마마,undefined
불타는 정이,undefined
열혈사제 6 회 재방송,undefined
보통의 가족 풀어줘,play.video
뽀로로 바로가기,play.video
최강왕 독후감,undefined
드라마 지금 거신 전화는,undefined
유튜브 민경훈 결혼식,undefined
유튜브 애플라인 댄스,undefined
유튜브에서 박인수의 향수,undefined
유튜브 무회전차는 법,undefined
유튜브 테이크 온미,undefined
유튜브 내 얘길 들어봐,undefined
유튜브 2016 성탄 새벽 축하 잔치 유년부,undefined
유튜브 분위기 있는 팝송,undefined
유튜브로 토요일 밤이 좋아,undefined
유튜브에서 급식왕 틀어줘,play.video
KBS 만화영화 독수리 5형제 유튜브,undefined
유튜브 이문세 노래모음,undefined
유튜브 앉아서 하는 운동,undefined
유튜브에서 흔한 남매 틀어줘,play.video
유튜브 시베리아 횡단,undefined
유튜브 김인중 목사님,undefined
유튜브 우마무스메 그리고 모두의,undefined
포항중앙침례교회 실시간 YOUTUBE,undefined
마왕이 딸로 태어났습니다 틀어줘,play.video
압구정동 백야 틀어줘,play.video
2023 MAMA MUSIC AWARDS,undefined
최강 배달 온,undefined
헤이지니 동생,undefined
샬랄라 공주,undefined
지금 걸려온 전화,undefined
지금 거신 전화는 2 회,undefined
곰치찡,undefined
지금 거신 전환,undefined
유니버셜 스튜디오,undefined
예를 서재 2,undefined
프로이트의 LAST SESSION,undefined
래브라도 전자,undefined
회신 드라마,undefined
그대여 변치마오,undefined
지금 거는 전화,undefined
사랑의 외나무다리에서,undefined
이공이사 마마,undefined
월요일 자재,undefined
사랑은 외나무 자리에서,undefined
MAMA 소나기,undefined
트니트니 알록달록 단풍잎,undefined
헬로카봇 엘리베이터,undefined
태조왕건 171 회,undefined
지금 거신 전화 하나,undefined
꽃들의 전쟁 42 회,undefined
웬수는 외나무다리에서,undefined
가석방 심사,undefined
장안 12 지신 35 회,undefined
지금 전화 거신,undefined
6시 부인전,undefined
지금 걸린 전화,undefined
지금 전화 거는,undefined
무솔리니,undefined
지금 전화 거는 중,undefined
춘화이얌,undefined
속담 동물원,undefined
사랑하는 외나무다리에서,undefined
붕어 에미치닭,undefined
THE 딴따라 다시보기,play.video
최강의 도감,undefined
비처럼 내려온 나의 천사,undefined
풍월모변,undefined
메탈 카드보다,undefined
알레르망 팀 매치 챔피언십,undefined
전원기록 688 회,undefined
호요소호랑,undefined
호기심딱지 공룡,undefined
도둑 아기 상어,undefined
멍냥박사,undefined
하늘이시여 25 해,undefined
지금 전화 거신 번호는,undefined
지금 거신 전화는 드라마,undefined
유튜브 지금 거신 전화는,undefined
유튜브 박상철 노래방,undefined
유튜브 UNCHAINED MELODY WALTZ 라인 댄스,undefined
유튜브 한미 자동차,undefined
유튜브 하츄핑 병원 놀이,undefined
유튜브 볶음 만드는 법,undefined
유튜브 넘어져도 괜찮아,undefined
유튜브 프리미어 12 HIGHLIGHT,undefined
유튜브 미스터 투하얀 겨울,undefined
유튜브에서 GIRLS NEVER DIE,undefined
유튜브 송축해 내 영혼,undefined
유튜브 디파잉 그래비티,undefined
유튜브 타워 주차장,undefined
유튜브 상여 소리,undefined
유튜브에서 색소폰 성가 연주곡,undefined
유튜브 포켓몬 주제곡,undefined
유튜브 코카콜라 맛있다,undefined
유튜브 블락비 HER,undefined
유튜브 넘어져도 괜찮아 노래,undefined
유튜브 영화 당신이 잠든 사이,undefined
유튜브 강철부대 W 리뷰,undefined
유튜브 클레이로빵 만들기,undefined
유튜브 하늘교회 수요예배,undefined
유튜브 여수 갓김치 담그는 법,undefined
유튜브 때리면 아파요,undefined
유튜브 해외축구 손흥민,undefined
김영기 법사유튜브,undefined
유튜브 유희열 칠뜨기,undefined
하늘을 나는 자동차 틀어줘,play.video
아기 멧돼지 틀어줘,play.video
아기 좋아 보여줘,play.video
현지 직송 틀어줘,play.video
FAIRYTALE 백년 캐스트 틀어줘,play.video
핑퐁 STARS 틀어줘,play.video
지금 하고 있는 캐치 티니핑 틀어줘,play.video
사랑한다 말해줘 드라마,undefined
이한순 틀어줘,play.video
최강왕도감 검색해줘,search.video
베베핀 고마워 송 틀어줘,play.video
희로애락도 락이다,undefined
시골이장 이장우,undefined
집 없는 아이 보여줘,play.video
강남비사운드,undefined
가석방 심사관 이한산,undefined
2004 MAMA,undefined
붉은 여신의 정의 이어보기,undefined
지금 전화,undefined
용의 출현 이순신,undefined
가석방 심사위원,undefined
힘쎈 강남순 다시보기,play.video
가석방 심사관이,undefined
량아방 5 회,undefined
가석방 심의관 이한신,undefined
사랑은 외나무 다리 아래서,undefined
새벽에 걸려온 전화는,undefined
최강동물도감,undefined
못돼먹은 영애,undefined
대장이 만찬,undefined
원수는 외나무,undefined
가석방 심사관 이한선,undefined
유튜브 그냥 가면 어쩌나,undefined
유튜브 나이스 나이스 크리스마스,undefined
유튜브 뚫기챌린지,undefined
유튜브 열혈사제 노래,undefined
유튜브 망태 할아범,undefined
유튜브에서 BLUE STARS,undefined
유튜브 뽀로로 동화,undefined
유튜브 통기타 배우기,undefined
유튜브에서 안녕 자두야 발표회,undefined
유튜브 알타비아 1,undefined
유튜브 나만 바라봐,undefined
유튜브 로마바티칸 박물관,undefined
유튜브 지드래곤 MAMA,undefined
유튜브 정승환 너였다면,undefined
유튜브에서 아파트 노래 해주세요,undefined
유튜브에서 김지선의 노래 천생연분,undefined
유튜브 로 스머프 영어,undefined
유튜브에서 아파트 노래해줘,undefined
유튜브 똘똘이 락큰롤,undefined
유튜브에서 외톨이야,undefined
유튜브 고고다이노이구아노돈,undefined
유튜브 강버들 요리,undefined
유튜브 모아나 예고편,undefined
유튜브 헤이지니 인어공주,undefined
유튜브 김원준 모두 잠든 후에,undefined
유튜브 비와 당신 조항조,undefined
유튜브 GET ON YOUR FEET 라인 댄스,undefined
유튜브에서 2NE1의 FIRE,undefined
유튜브 장민의 밀양 아리랑,undefined
빅뱅 CAFE 유튜브,undefined
유튜브 아이패드 에어,undefined
유튜브 열혈사제 OST,undefined
유튜브 벙커에서 살아남기,undefined
이혼숙려캠프 15 회,undefined
회신 23화,undefined
회신 27화 틀어줘,play.video
김사부 18 회,undefined
무쇠소년단 11 회,undefined
백설공주에게 죽음을 15 회,undefined
제45회 청룡상 시상식,undefined
용수정 117 회,undefined
행복한 여자 24 회,undefined
지금 거신 전화는 재방송,undefined
지금 건 전화는,undefined
지금 저거신 전화는,undefined
지금 저 지금 거신 전화는,undefined
거신 지금 전화하는,undefined
지금 거신 전화해,undefined
지금 거는 전화는 틀어줘,play.video
지금 전화는,undefined
지금 거신 전화가 틀어줘,play.video
지 지금 거신 전화는,undefined
지금은 전화를,undefined
지금 전화 거시는,undefined
지금 것은,undefined
지금 거신 줘,undefined
지금 것이,undefined
가석방 심사관 이한진,undefined
가석방 심사관 이현우,undefined
가석방 검사관이 한신,undefined
가석방 심사위원이 한신,undefined
뮤직뱅크 NEWJEANS 틀어줘,play.video
나 홀로집 찾아줘,search.video
BIGBANG MAMA 틀어줘,play.video
스테이지 파이터 태평성대 들려줘,play.video
주니토니 세계수도송 2배속 틀어줘,play.video
압구정 백마 틀어줘,play.video
윤수일 아파트 보여줘,play.video
최강왕도감 찾아줘,search.video
회신 보여줘,play.video
전원 주택 틀어줘,play.video
미니언즈 FOR 틀어줘,play.video
시니어 골고루 요가 찾아줘,search.video
말하는 앵무새 틀어줘,play.video
MMA 2024 틀어줘,play.video
강남비사 찾아줘,search.video
공기수학 찾아줘,search.video
압구정 백야 62에,undefined
옛날 드라마 사랑과 야망,undefined
MMA 2024,undefined
롤리폴리,undefined
베베핀의 과일주스송,undefined
주나염,undefined
핑퐁스타즈,undefined
화재 안전송,undefined
블랙 프라이데이,undefined
큰 은혜교회 틀어줘,play.video
피치피치핏치,undefined
희망더하기 자선 야구,undefined
HAD SOME GUYS,undefined
THE 땅딸이,undefined
모두 잠든 후에,undefined
보만스님,undefined
서브스턴스,undefined
SUBSTANCE,undefined
서브스탠스,undefined
못말리는 짱구 무료,undefined
TRIP STARS,undefined
보일러 룸,undefined
캐리 구구단 노래,undefined
화려한이요,undefined
NAMIB,undefined
기러기와 띠띠빵빵,undefined
BEIGE 미,undefined
사랑은 외나무 다리했어,undefined
사랑은 외나무에서,undefined
사랑은 외나무 다리를 타고,undefined
사랑은 외나무 다리에서 만난다,undefined
사랑은 왜나무,undefined
외나무,undefined
LONG GRASS,undefined
준화형,undefined
제주도 1박 2일,undefined
미쓰트로트 1,undefined
뽀로로 PORORO 닥터,undefined
고추멸치볶음,undefined
제주 한 달 살기,undefined
아파트 윤수일,undefined
추운 화염,undefined
미션 전원주택을 찾아라,undefined
뭉치면 찬다 1,undefined
BEFORE YOU MAY KNOW,undefined
악이 도사리고 있을 때,undefined
핑크퐁 되니,play.video
명물 인생 올려줘,play.video
베베핀의 과일 주스송 반복해줘,play.video
핑크퐁 나와주세요,play.video
김두환의 야인 시대,undefined
톰토미 구구단 틀어줘,play.video
나미브,undefined
미안해 김삼순,undefined
내안애 김삼순이,undefined
불타는 소녀단,undefined
불꽃소녀 축구단,undefined
초고속 결혼 후 열애중,undefined
출장십오야 에스엠,undefined
이장우 시골 마을,undefined
스푸키와 벌떼,undefined
UNCUT JAMS,undefined
해외여행영어,undefined
별사제,undefined
변호사 이한신,undefined
착한 선주,undefined
옥종모임,undefined
시골 이장우,undefined
준하얌,undefined
열가재,undefined
디저트 GDP,undefined
꼬리에 꼬리물고 그때 그 이야기,undefined
SMALL GIRL,undefined
LUANA,undefined
결혼해 이유,undefined
파퍼펭귄,undefined
코리아컵 결승,undefined
상어가족 크리스마스,undefined
비터랑,undefined
ONE LITTLE FINGER,undefined
시골 장우,undefined
솔로라도,undefined
유튜브 동화 속 이야기,undefined
유튜브 창원상남교회 실시간,undefined
아침을 여는 구속사 맞나 유튜브 풀어줘,undefined
유튜브로 크리스마스 노래,undefined
유튜브에서 민경훈 결혼식,undefined
유튜브 라면 끊는 방법,undefined
수면음악 유튜브,undefined
유튜브 안산동산교회 실시간,undefined
유튜브에서 캐논 변주곡 오카리나 배우기,undefined
유튜브 아이스크림 사랑,undefined
알파벳 요가 유튜브,undefined
유튜브에서 수영 모자 쓰는법,undefined
크리스마스 캐롤 노래 유튜브,undefined
유튜브에서 박우철 물처럼 바람처럼,undefined
유튜브에서 유진아 노래 들려줘,play.video
유튜브 연금 목걸이,undefined
정우성 수상소감 유튜브,undefined
유튜브 잠뜰 기차,undefined
유튜브 물고기 영어로 말하기,undefined
40명의 위인들 유튜브,undefined
유튜브 코바늘뜨기 침대 커버,undefined
혹시 부인전 틀어줘,play.video
똘똘이 영어 요가 1 틀어줘,play.video
토끼의 재판 이야기 들려줘,play.video
박씨 부인전 틀어줘,play.video
YTN 들려줘,set.channel.selected
주니토니 도와줘,play.video
물은 바다를 향해 흐른다 틀어줘,play.video
위한신,undefined
이한진,undefined
이한선,undefined
김한신,undefined
변호사 이한진,undefined
이한실,undefined
이 한신 다시보기,play.video
맹꽁아 결혼해줘 틀어줘,play.video
결혼해줘 유,undefined
속담 동물원 틀어줘,play.video
지금 거신 전화하면,undefined
그 신 지금 전화를,undefined
전화 거는,undefined
당신이 거신 전화는,undefined
사랑은 외나무 다리의,undefined
사랑은 왜 말 외나무다리에서,undefined
사랑은 왜 다리 나무 위에서,undefined
사랑은 외나무 다리 보여줘,play.video
가석방 심사관 1 회,undefined
핑크퐁 도둑 자동차,undefined
STARS 팅캐치 티니핑,undefined
사랑의 하츄핑 소장,undefined
사랑의 하츄핑송,undefined
옥부인,undefined
혹시 부인 중,undefined
홍씨부인,undefined
박씨 부인 열전,undefined
옥씨 부인자,undefined
예씨 부인전,undefined
오씨 부인전,undefined
혹시 부인자,undefined
혹시 부인장,undefined
억부인,undefined
오부인,undefined
옥씨 부인 이야기,undefined
시부인전,undefined
유씨 부인전,undefined
윤씨부인,undefined
혹시 부인전 1 회,undefined
오씨부인,undefined
부인전,undefined
옥씨 부인정,undefined
강씨부인,undefined
혹시 전부인,undefined
부인,undefined
옥부인전,undefined
윤씨 부인전,undefined
혹시 부인 존,undefined
혹시 부인저,undefined
오기 부인,undefined
최강희도감,undefined
최강왕 왕도감,undefined
최강의 보감,undefined
엘리야 학교 가자,undefined
너 딴따라,undefined
붉은 여신의 정의,undefined
시골생활 이장우,undefined
열혈사제 2 부 8 회,undefined
열혈사제 PART 1,undefined
꽃들의 전쟁 55 회,undefined
다리미 20 회,undefined
화려한 여인,undefined
달려라 불꽃소녀 재방송,undefined
불꽃축구단,undefined
불꽃소년,undefined
회신 좀 틀어줘,play.video
용용의 나르샤,undefined
마마 윤아,undefined
IVE 마마,undefined
24년 MAMA,undefined
G DRAGON MAMA,undefined
모아라,undefined
특공 미니카,undefined
베이스비,undefined
PESME,undefined
모래시계 연속 보기,play.video
네 개의 시선,undefined
위치캡,undefined
채광왕도감,undefined
NUMBER ONE GIRL,undefined
MEOW,undefined
페타티크 켜줘,play.video
사라진 미,undefined
시골장어,undefined
SUGAR BABY,undefined
투박 투어,undefined
헤이즈미,undefined
베네핀,undefined
티라노 스네이크,undefined
출동 뽀로로레인저,undefined
벅스 버니,undefined
뽀로로 파크,undefined
꼬모의 장난감,undefined
아산 VS 대구,undefined
카피바라,undefined
뽀로로와 타요의 LEARN,undefined
MAMA AWARDS 빅뱅,undefined
트랄랄라 YOLANDA,undefined
크리스마스 똘똘이,undefined
이장우 시골,undefined
보노보노누에,undefined
백만달러 텔레그램,undefined
THE LIQUID LIES,undefined
짱구 비급,undefined
캐리어 장난감 캐리,undefined
꽃피는 천하떡잎,undefined
환생했는데 제7황자,undefined
나니아 연대기 몰아보기,play.video
한국을 빛낸,undefined
빵스타,undefined
마리아 사제,undefined
니 무덤에 침을 뱉어라 2,undefined
BLUE MONSTER,undefined
현자의 제자,undefined
내서재,undefined
우주티니핑,undefined
똘똘이 방구,undefined
꽃이 피는 천하떡잎학교,undefined
보릿고개,undefined
니시아 적미미,undefined
당신만의 내 사랑,undefined
최강왕도가,undefined
혜선 GUYS,undefined
결혼 AU,undefined
구미호뎐 1938 몰아보기,play.video
뽀로로 동화책 여행,undefined
아줌마 한 맹수,undefined
BAD GUYS 2,undefined
피터팬 나오세요,play.video
아빠와 엄마,undefined
부모님 전화 틀어줘,play.video
부처님 말씀,undefined
버섯 도리 버섯탐정시즌 1,undefined
DANIEL TIGER,undefined
엄빠,undefined
예사제,undefined
여사제,undefined
결혼 헤이유,undefined
겨울노래 뽀로로,undefined
뚜뚜장난감,undefined
서두르지 말아요,undefined
넘버블록스 한글,undefined
우리 사랑할수 있을까,undefined
페파 PICK,undefined
블라인더워,undefined
ARCANE 2,undefined
뺑덕어멈,undefined
잘하는 가수,undefined
프리미엄 축구,undefined
에튀드,undefined
금수저 게임,undefined
러브포션 넘버나인,undefined
텐트밖은 졸업,undefined
리얼글러브,undefined
말하는 가수,undefined
사랑해 YOU,undefined
이혼을 결심할때,undefined
BRAWL STARS,undefined
사극 붉은 여신의 정의 이어보기,play.video
에그박사 연가시,undefined
버섯도리 ADVENTURES,undefined
딴따라 재방송,undefined
풍향계,undefined
옥시보이,undefined
청담동 스캔들 재방송,undefined
결혼 이유,undefined
음악대장,undefined
별들의 도시,undefined
넘버블럭스 넘버블럭스,undefined
ANTHEM GUYS,undefined
지식해적단 대모험,undefined
화총가,undefined
아픈 건 딱 질색이니까,undefined
종이 팽이접기,undefined
슬라이딩도어,undefined
BABY 공룡,undefined
안녕연구소,undefined
피터피크,undefined
무파사,undefined
동물원도감,undefined
혹시 보이,undefined
뽀드득 목욕송,undefined
캡틴 필립스 삼 쩜 칠,undefined
그제 임신 2,undefined
하느라 하느라 23 회,undefined
뽀로로 신나는 여행,undefined
최고다 호기심 딱지사,undefined
음량연구소,undefined
그리드맨 유니버스,undefined
메카닉스 리크루트,undefined
HANDSOME 가이드 틀어줘,play.video
뽀로로 미라 대소동,undefined
바라는 바다,undefined
그때 임신 2,undefined
가족계해,undefined
가족계획,undefined
곤충박물관,undefined
달빛에 그려지는,undefined
홍성남 신부,undefined
새빨간 거짓말 1,undefined
삼생 3리 연구소,undefined
옥씨 부인장,undefined
목신의 부인,undefined
홍씨 부인전,undefined
옥신의 부인,undefined
옥씨부인기,undefined
너 혹시 부인전,undefined
오키 부인전,undefined
옥시전부인,undefined
옥시,undefined
옥시부,undefined
옥시전,undefined
옥씨,undefined
옥시아씨,undefined
옥시주부전,undefined
유튜브 초청 성령 회관,undefined
유튜브 전설의 포켓몬 맞추기,undefined
유튜브 포켓몬 맞춰줘,undefined
유튜브 스위티 하얀별,undefined
유튜브 황가람의 나는 반딧불,undefined
유튜브 아기 예수 오셨다,undefined
유튜브 영진 침례 교회,undefined
유튜브 지니 음식 만들기,undefined
유튜브 졸면 안돼,undefined
뽀로로 유튜브 동영상 동요 노래,undefined
사랑은 외나무 다리에서 유튜브,undefined
유튜브에서 스누피 다이어리 꾸미기,undefined
유튜브에서 VLAD AND NIKI,undefined
유튜브 RAINBOW FRIENDS 신비아파트,undefined
유튜브 우주 탐험가 노래,undefined
유튜브송 작가,undefined
유튜브 로빈 가줘,search.video
유튜브 어르신요가,undefined
유튜브 크리스마스 영화,undefined
유튜브에서 JJ 튜브놀자,undefined
유튜브 시편강해,undefined
유튜브에서 봉구야 말해줘 강아지,undefined
유튜브를 3 IVE,undefined
유튜브굴찜,undefined
계단 말고 엘리베이터 유튜브,undefined
유튜브에서 코요테 겨울노래,undefined
유튜브에서 앵무새 키우기,undefined
유튜브 프리스타일 Y,undefined
유튜브로 윤석열 탄핵 쳐줘,search.video
유튜브 자이언트 얀파우치 만들기,undefined
유튜브에서 다이어리 꾸미기,undefined
유튜브로 티니핑 틀어줘,play.video
밤양갱 웃는 아이유튜브 틀어주세요,play.video
유튜브 보만수님,undefined
흔한 남매 이해하면 무서운 이야기,undefined
유튜브도 내일 날씨 알려줘,play.video
차태현의 갈 데까지 간다,undefined
복면가왕 김동명,undefined
농약연구소,undefined
프니엘의 슬라임,undefined
힘쎈 박보영,undefined
가습관심사관 틀어줘,play.video
상상의 친구 2부 틀어줘,play.video
이젠 우리 사랑할수 있을까 틀어줘,play.video
번개맨과 신비의 섬 노래 틀어줘,play.video
오늘도 죄송합니다 틀어줘,play.video
핑크퐁 낚시 놀이 틀어줘,play.video
창밖의 토토 틀어줘,play.video
차시 전화 틀어줘,play.video
가석방 감시관 이 한신,undefined
가석방 심사관 이한식,undefined
가석방 이현신,undefined
가석방 조사관 이한신,undefined
가석방 이한선,undefined
가석방 심사관 5 회,undefined
가석방 심사관이 1시,undefined
가석방이 안심,undefined
가석방 심사 심사관,undefined
가석방 이안신,undefined
가석방이한식,undefined
가석방 교도관 이 한신,undefined
가석방 심사관 이학식,undefined
가석방 심사관이 안서,undefined
일일연속극 결혼하자 맹꽁아,undefined
핑크퐁 색깔 미끄럼틀,undefined
핑크퐁 자동차 노래 틀어줘,play.video
최강 1도감,undefined
5 원소,undefined
배차량 2,undefined
VIVIZ,undefined
비밀은 없다 몰아보기,play.video
대발이 공룡 이야기,undefined
최광도가,undefined
래브라도 경장 동화,undefined
서 4동 찾아줘,search.video
유미카유튜브 몰아보기,play.video
유튜브 꿈의교회 김학중 목사 해줘,undefined
열혈사제 8 회 재방송,undefined
바다 옥토넛 우리말,undefined
대학가요제 3 부 재방송,undefined
메소포타미아 문명의,undefined
구미호뎐 1938 전체 몰아보기,play.video
넘버블록스 영어로 된거 틀어줘,play.video
유튜브에 줌바들어줘,undefined
유튜브 김해중앙교회 금요 예배,undefined
아파트 노래 유튜브,undefined
호기심딱지 유튜브,undefined
유튜브 티니핑 발레,undefined
유튜브 서울영동교회 주일예배,undefined
유튜브 플라잉 볼,undefined
유튜브 에어로빅 왕초보,undefined
정년이 유튜브 9 화,undefined
유튜브 문정역 맛집,undefined
유튜브에서 수영강의,undefined
유튜브 펭수 검사,undefined
유튜브에서 행복한 교회 실시간 예배,undefined
유튜브 야생캠핑,undefined
유튜브 네모 아저씨의 종이접기,undefined
유튜브 동명교회 고등부,undefined
유튜브 나라는 가수 최종회,undefined
유튜브 가왕재방송,undefined
유튜브 명품 시계,undefined
영탁 유튜브 노래 모음집,undefined
유튜브로 VLAD AND NIKI,undefined
유튜브 김기태 노래 모음,undefined
유튜브 볼트 파워드 브이,undefined
유튜브 신비아파트 슬픈 사연,undefined
유튜브 정희라,undefined
유튜브 인간극장 시인과 주방장,undefined
유튜브 달러 예금,undefined
유튜브 해안 PARTY ANIMALS,undefined
유튜브 모아나 1,undefined
선택인 유튜브,undefined
방구쟁이 유튜브라 틀어줘,play.video
삐끼삐끼 CHALLENGE 유튜브,undefined
유튜브로 열왕기상 2장 강해,undefined
쎄쎄쎄 떠날거야 유튜브,undefined
전유진 유튜브 가줘,undefined
유튜브 아파트 반복,undefined
1부터 100까지 유튜브,undefined
혹시 부인전 3 회,undefined
옥씨 부인전 몰아보기,play.video
지부인전,undefined
혹시 부인절,undefined
씨 부인전,undefined
혹시 부인견,undefined
옥시옥씨 부인전,undefined
오늘 옥씨 부인전,undefined
옥씨부인 3 회,undefined
옥씨 부인전 채널 틀어줘,play.video
오키 부인,undefined
종씨부인,undefined
씨부인,undefined
옥씨 부인 전이해,undefined
혹시 부인정,undefined
홍씨 부인전 틀어줘,play.video
9시 부인,undefined
사랑해 외나무다리,undefined
외나무 다리에서 사랑을 틀어줘,play.video
사랑은 외나무 다리 실시간 보여줘,play.video
옥지,undefined
옥뿌이,undefined
옥 15일,undefined
최강동물,undefined
결혼해 6,undefined
초고속 결혼 후 열어줘,undefined
초고속 결혼 후 연애,undefined
결혼하자 맹꽁희,undefined
결혼하자 맹꽁아 45 회,undefined
결혼 지옥 무료 틀어줘,play.video
가석방 심사관 이순신,undefined
기안이세요 틀어줘,play.video
기안이,undefined
기안새우,undefined
기안세요,undefined
기안 2세 오,undefined
기안 이세호,undefined
기안이 쎄오 틀어줘,play.video
기안이세요,undefined
기안 SEO,undefined
기한이세요,undefined
기한이 쎄오,undefined
이안이 쎄오,undefined
기안이 쎄오,undefined
폴란드셋방살이,undefined
필리핀셋방살이,undefined
셋방살이,undefined
핀란드 핀란드셋방살이,undefined
핀란드 3병사리,undefined
핀란드 월세살기,undefined
핀란드 살림살이,undefined
핀란드에서 살아보기,undefined
핀란드 셋방,undefined
핀란드 3,undefined
기한이세호,undefined
기한이세오,undefined
기한이 있어요,undefined
기한이세오 틀어줘,play.video
기한이세요 틀어줘,play.video
기한이 CU,undefined
기한이새우,undefined
기한이,undefined
기한이세용,undefined
기아니스에 5,undefined
윤석열 탄핵,undefined
첫 만남은 계획대로 틀어줘,play.video
로빈 TV 포근한 줘,undefined
청담동 스케줄 보여줘,play.video
QUEST 샘 틀어줘,play.video
영화 4분 44초 틀어줘,play.video
자두의 일기 동화 틀어줘,play.video
전우치 들어가줘,play.video
두 얼굴의 카라 틀어줘,play.video
열혈 사줘,undefined
안녕 손오공 틀어줘,play.video
서장금의 꿈 틀어줘,play.video
레인보우 버블젬 동요 틀어줘,play.video
뚜식이 채널 보여줘,play.video
아기 상어 장난감 놀이 틀어줘,play.video
영화 시녀 이야기 틀어줘,play.video
눈 떠보니 땡땡땡 틀어줘,play.video
지금 거신 전화는 없는 번호입니다,undefined
지금 거신 전화나,undefined
지금 전화 거신 전화는,undefined
오늘 거신 전화는,undefined
전화 거신,undefined
지금 거신 전화 찾아줘,search.video
순간포착 세상에 이런일이 676회,undefined
마이 프리센스,undefined
선을 넘는 클라스,undefined
선넘는 클래스,undefined
서탄면클래스,undefined
침낭연설,undefined
마이 프린센스,undefined
녹색전차 해모수 1 화,undefined
백백호 2,undefined
엄마 까투리상어,undefined
눈에 띄네 그년들,undefined
음향리포트,undefined
화려한 유혹 재방송,undefined
건지 감자 파이 북클럽,undefined
영냐성하,undefined
지금 전화 거는 건,undefined
장난감 백화점,undefined
나의 히어로 아카데미 극장,undefined
검치호랑이,undefined
세계 테마기행 파미르고원 틀어라,play.video
띠띠뽀 5 회,undefined
군신남구 찾아줘,search.video
노킹 온더 헤븐스터,undefined
다 딴따라,undefined
오은영 바로가기,undefined
파닉스 한글,undefined
프라하의 여인 연인,undefined
FACE ME 1 화,undefined
BTS 골든디스크,undefined
귀신골목,undefined
나라인 가수,undefined
베베핀 동요,undefined
대학가요제 9 회,undefined
허영만의 백반 1기,undefined
넘버원락스,undefined
THE ONES WHO LIVE,undefined
황홀한 탈출,undefined
신데렐라 게임 2 회,undefined
테라스탈 데뷔,undefined
너를 너무 너무 너무 너무 좋아하는 그녀,undefined
송병건의 그림속,undefined
스킨 스타 캐치 티니핑,undefined
니우아적대면 남우,undefined
전원일기전원일기 900 회,undefined
지금 거는 전화번호는,undefined
지금 거신 전화는 이 뭐야,search.video
시집가하자 맹꽁아,undefined
야생집짓기,undefined
그 딴따라,undefined
띠띠뽀 25 회,undefined
내 마음 별과 같이,undefined
KING OF THE 6,undefined
WILD LOVER,undefined
류주기,undefined
코펜하겐 여행,undefined
스테파강경호,undefined
안하무인,undefined
힘센 박보영,undefined
MANTIS SHRIMP가 뭐야,search.video
GANG OF THE 6,undefined
STING 스타티니핑,undefined
SHOW ME THE MONEY 시즌 10 돌려줘,play.video
장난감 티니핑,undefined
SUPER KING 티니핑,undefined
타티니핑,undefined
청담동 스케줄,undefined
위스케,undefined
열혈세자,undefined
천년의 사랑,undefined
빅스비 황제의 여인 틀어주세요,play.video
대학가요제 6 회,undefined
목욕탕 집사람들 13회,undefined
와 진짜 세상에서 이런 일이,undefined
여름날의 레몬글라스,undefined
헨리의 구해라,undefined
무료 영화 도망자,undefined
체크인 한양,undefined
무료 드라마 내딸 서영이,undefined
와일드 못,undefined
인사이드 아웃와,undefined
11 서재 2,undefined
나라는 가수인 독일,undefined
박원숙의 같이 삽시 다시,undefined
무료 영화 경고,undefined
대장이 밥차,undefined
대상이 밥차,undefined
미스터트롯 3 다시보기,play.video
박원숙의 같이 삽시다시,undefined
현역가왕초,undefined
겨울잠 자는 동물,undefined
목중모임,undefined
핑크퐁과 호기새 친구 니니모 노래,undefined
마오리족,undefined
무승부,undefined
생명의 흐름,undefined
혹시 보행자,undefined
최광도감,undefined
샤이닝 스타티니핑,undefined
취미가과학,undefined
LITTLE STAR,undefined
아버지 전상서,undefined
이해하면 무서운 이야기 틀어,play.video
포켓몬 테라스탈,undefined
오필승 봉순,undefined
도차비 &호요리,undefined
케익의 장난감 친구들,undefined
공룡의 세계,undefined
전화 거는 중,undefined
내 마음 깊은 곳의 너,undefined
수중발레,undefined
글래디 8 1,undefined
초고속 열애중,undefined
엘리베이션,undefined
지안 2세오,undefined
누난 내 여자,undefined
이퀼라이즈,undefined
킹카 만들기,undefined
뭘요 김창옥쇼,undefined
가자 장미여관으로,undefined
베베핀 자장가,undefined
혹시 부위,undefined
깔깔주스,undefined
그가 나에게 말하지 않은 것,undefined
나 홀로 숨바꼭질,undefined
여러 사진,undefined
혹시 보인자,undefined
스톱 핀이핑,undefined
뽀로로 원숭이,undefined
두근두근 빵빵,undefined
김연아의 기억록,undefined
지그라 불린 사나이,undefined
알록달록 냠냠냠,undefined
인디펜스데이,undefined
묵중무인,undefined
이장우 시골살이,undefined
I AM MOANA,undefined
하나노이군 상사병,undefined
정숙한 CESA,undefined
김준수 풍류대장,undefined
역시 개인전,undefined
여군결,undefined
한글 백설공주,undefined
조선대학가요제,undefined
지성합니다,undefined
씨에게서 온 판사,undefined
거실 지금 전화는,undefined
도라에몽 그 자판,undefined
콩순이 의사놀이,undefined
어린이 창작 동요제,undefined
슈팅스타 슈팅,undefined
시민은 과학,undefined
아이스크림 가게,undefined
뽀로로 아기미라,undefined
일요일 서재 2,undefined
맨시티 경기,undefined
타바타 운동,undefined
유튜브 화물 공제조합자부담금,undefined
이젠 사랑할수 있을까 유튜브,undefined
유튜브 윤도현 노래모음,undefined
유튜브 손경민 은혜,undefined
유튜브에서 이무진 에피소드 노래방,undefined
유튜브 STARCRAFT,undefined
유튜브 또오해영 족발,undefined
유튜브에서 뽀로로가 배탈 열매 먹었어요,undefined
큐티노트 유튜브,undefined
유튜브 러브레터 OST,undefined
유튜브 내 이름 맑음 노래,undefined
유튜브에서 기타치며 노래하기,undefined
유튜브에서 그 얘기 들어봤니,undefined
유튜브 최백호영일만 친구,undefined
유튜브에서 LAST CHRISTMAS 안무,undefined
유튜브에서 공룡 가줘,play.video
유튜브 PEACE SIGN,undefined
유튜브 검정고무신 공포의 쓴맛,undefined
옥씨부인 4 회,undefined
옥순 부인전,undefined
옥시 V,undefined
혹시 부인 좀 보여줘,play.video
김씨 부인전,undefined
송씨 부인,undefined
사랑은 외다리에서,undefined
이제 우리 사랑할수 있을까,undefined
가석방 심사관 이앤씨,undefined
가석방 심사관 7회,undefined
가석방 심사관 7 회,undefined
핀란드,undefined
세방살이,undefined
풍향고,undefined
바디 멘터리,undefined
아담배 옥토넛,undefined
롱롱 죽겠지 4,undefined
레몬글라스,undefined
CYBERPUNK,undefined
난 딴따라,undefined
약사여래불,undefined
동이 3 회,undefined
세상의 이런일들이 틀어줘,play.video
상어 탐험,undefined
퐁당퐁당 LOVE YOU,undefined
루이스 경감,undefined
신데렐라 게임 3편 다시보기,play.video
도화는 최종화,undefined
아주 친절한 배신자,undefined
최종도감,undefined
네 아가씨 학교에 서민 샘플로 납치당한 사건,undefined
니나 내 남자의 여자,undefined
셔플 라이즈,undefined
히든아이 TRUE,play.video
열혈제자 2,undefined
크리올로포사우루스,undefined
싫어 싫어송,undefined
SOME GUYS,undefined
방귀대장 뿡뿡이 연결해,play.video
혹시 문자,undefined
아르헨티노사우루스,undefined
김승수 양정아 결혼식 유튜브,undefined
유튜브 바다 생물이 아파요,undefined
유튜브 사랑과 야망팔십칠 회,undefined
유튜브 밤밤미니카 접기,undefined
유튜브 딱지접기 영상,undefined
유튜브 키즈 뽀로로 갯벌,undefined
유튜브 리틀시드,undefined
유튜브 BASIC GRAMMAR IN USE,undefined
유튜브 김재원의 즐거운 세상,undefined
유튜브 서울서 교회 예배실황,undefined
유튜브 위궤양에 좋은 음식,undefined
유튜브 해외 이주 신고,undefined
유튜브로 종이접기 해줘,undefined
박서진 유튜브,undefined
꿈을 향해 유튜브 노래,undefined
유튜브로 DUN DUN DANCE,undefined
유튜브 박서진 장구 소리 들려주세요,play.video
유튜브 엉덩이 뿡뿡,undefined
유튜브 유 퀴즈 주지훈,undefined
유튜브 현안질의,undefined
유튜브 기억할게요,undefined
유튜브에서 낚시방 꾸미기,undefined
유튜브 라인댄스 YESTERDAY ONCE MORE,undefined
유튜브에서 다이소 멀티박스,undefined
유튜브 영락교회 생방송,undefined
유튜브다까마스,undefined
유튜브 라인 댄스 사랑아 가라,undefined
유튜브 차오름 합창단,undefined
유튜브 볼타워 디펜스,undefined
유튜브 넌 감독이었어,undefined
하츄핑 맞추기 유튜브,undefined
유튜브 백종원 동남아시아,undefined
유튜브 남양주 다산 유치원,undefined
유튜브 압구정동 백야,undefined
PIRATES OF CALVIN 틀어줘,play.video
방과후의 경제활동,undefined
방과후에 경쟁,undefined
예카테리나 대제,undefined
청당동 100야,undefined
옥신 부인전,undefined
옥중무인,undefined
옥포인,undefined
옥천부인,undefined
혹시 부인전 3화,undefined
기안세시오,undefined
가석방 심사관 1 회 틀어줘,play.video
풍양고,undefined
노벨문학상,undefined
도미노 게임 보여줘,play.video
지금 거신 전화번호는 드라마 틀어줘,play.video
야인시대 64 - 틀어주세요,play.video
가난한 회장님,undefined
존 블랙의 사랑,undefined
셀럽병사,undefined
시골청년 이장우,undefined
퍼피 구조대 추워,undefined
EBS 골라둔다큐,undefined
모란동백,undefined
지니야 아기 상어 틀어주세요,play.video
JINGLE BELL ROCK,undefined
가석방 이앤씨,undefined
허여서 홍랑,undefined
다리미 22 회,undefined
핀란드 하숙,undefined
백앤아 2,undefined
황야의 2인조,undefined
목욕탕집사람들 14회,undefined
네 무덤에 침 뱉지마,undefined
POLAR RESCUE,undefined
홀리브롤스타즈 틀어줘,play.video
청담동 며느리,undefined
거신 지금 전화번호는 드라마 틀어줘,play.video
불러라 미풍이,undefined
FACE ME 다시보기 해줘,play.video
완전 초코핫초코,undefined
한국마사회,undefined
슬라임이었던 것에 대해,undefined
DOMINIQUE 불사조,undefined
지금 건 전화는 드라마 틀어줘,play.video
신공룡,undefined
개구리악어,undefined
기아니스,undefined
이처럼 사소한 것들,undefined
최 몇 명,undefined
파뿌리의 버튼 과목,undefined
SBS 연예대상 무료,undefined
베베핀 냠냠송,undefined
CUTE BABY,undefined
목욕탕 집사람들 14 회,undefined
황금제국 18 회,undefined
여수의 사랑,undefined
사랑은 엔 아무다리에서,undefined
키스 라이팅,undefined
별 내리는 왕국의 니나,undefined
뽀로로 아름다운 세상이지,undefined
ON THE BLOCK,undefined
불국사,undefined
봉래구천,undefined
부터 인사이드,undefined
빠샤메카드 벌,undefined
악어놀이터,undefined
선 넘는 클래식 틀어줘,play.video
나 혼자만 레벨업리 AWAKENING,undefined
전세계 슬라임이었던 것에 대해,undefined
이끄는 이세계,undefined
하이라이트 TV 행복한 여자,undefined
거여서 홍랑,undefined
MY BIRTHDAY,undefined
혹시 방전,undefined
게리슨 유격대 틀어줘,play.video
그래서 그대는,undefined
내딸 서영이 무료 드라마,undefined
UNDERSTANDING,undefined
아이스 클라이밍,undefined
투량 환주,undefined
늙은 여우 구미호,undefined
대발이 치카치카,undefined
최신포청천,undefined
포르라미풍아,undefined
수니랑 도리랑 틀어줘,play.video
경찰차 동요음악,undefined
복면가왕 화요비,undefined
마카앤로니 피자,undefined
깨비키즈 출동구조대,undefined
딴따라 조혜진,undefined
결혼하자 맹꽁아 10,undefined
BESTME,undefined
사라진 세계를 찾아서 2,undefined
M.net 2014 MAMA 틀어줘,play.video
점연아온난리,undefined
서상동 찾아줘,search.video
COMBINED 유튜브,undefined
유튜브에서 창밖을 보라 우쿨렐레,undefined
유튜브 변신 미니카 종이접기,undefined
유튜브 표창 종이 접기,undefined
유튜브 슈퍼 공룡 파워,undefined
안산 동산교회 유튜브 부탁합니다,play.video
유튜브 정광훈 목사,undefined
유튜브 JAZZ LOUNGE,undefined
유튜브 미니가든 TV,undefined
유튜브 낮은자의 하나님,undefined
학생 노래 유튜브,undefined
유튜브 미미미누 기숙학원,undefined
조명 가게 유튜브,undefined
유튜브 겨울방학생활,undefined
유튜브 산동 중앙교회,undefined
유튜브 산청 여행,undefined
유튜브에서 HAYDN SONATA,undefined
유튜브 2박 3일 여수여행,undefined
유튜브 PICK ME,undefined
유튜브 헤이지니 에그박사,undefined
유튜브 TEA 1 구마유시,undefined
네모아저씨 종이접기 유튜브,undefined
유튜브에서 레인보우 버블젬,undefined
유튜브 웃다보니,undefined
유튜브 무료도안만들기,undefined
유튜브 이세상의 좋은 건 모두 주고 싶어,undefined
지금 거신 전화는 유튜브,undefined
삑삑 이 소리 유튜브,undefined
유튜브 LEGEND OF SPEED,undefined
조명 가게 보여줘,play.video
혹시 부인 잔,undefined
안씨 부인전,undefined
옥씨 부인전 풀어줘,play.video
혹시 부인 잔 틀어줘,play.video
옥신전부인,undefined
H 부인전,undefined
옷 부인,undefined
혹시 혹시 부인,undefined
옥씨 부인전 3,undefined
옥씨부인 존,undefined
옥부인자,undefined
황씨 부인,undefined
옥씨 부인전 오해,undefined
오씨부인 자,undefined
옥씨부인 1 회 틀어줘,play.video
혹시 부인 4 회,undefined
옷 부인전,undefined
혹시 부인전 사회,undefined
혹시 부인사,undefined
9시 부인전,undefined
어 혹시 부인,undefined
혹시 부인옥씨 부인전,undefined
혹시 부인년 틀어줘,play.video
유씨 부인,undefined
육씨부인,undefined
혹시 내 부인전,undefined
옥씨 부인 중,undefined
지부인,undefined
옥시아씨전,undefined
옥씨 아시죠,undefined
옥시존,undefined
옥시아씨전 틀어줘,play.video
옥시왕후전,undefined
옥주부전,undefined
지금 거신 전화는 다시보기 해줘,play.video
거신 전화는 틀어줘,play.video
지금 전화 거신 분,undefined
지금 거신은,undefined
지금 거신 전화는 해,undefined
지금 거신 전화는 입니다,undefined
지금 거신 전화는 없는 번호,undefined
지금 거신 전화는 본방송,undefined
지금 거신 전화하니,undefined
지금 전화 거신 거는,undefined
지금 거신 전화 넣어,undefined
지금 전화 거신 분 틀어줘,play.video
지금은 전화 거는 중,undefined
지금 거는 전화는 보여줘,play.video
것은 지금 전화하는,undefined
지금 전화하신 번호는,undefined
지금 전화 걸어,undefined
사랑은 외나무 다리였어,undefined
사랑외나무다리에서,undefined
사랑은 외나무 다리 찾아줘,undefined
사랑하는 외나무 다리,undefined
사랑해 외나무다리에서,undefined
사랑은 외나무 다리해,undefined
사랑은 외나무 다리에,undefined
차량은 외나무 다리에서,undefined
톰토미 아기돼지 삼형제 들려줘,play.video
압구정동야야야,undefined
다리미네,undefined
압구정 배양,undefined
압구정비녀,undefined
압구정 나야 틀어줘,play.video
백양 압구정,undefined
백야의 압구정,undefined
압구정양야,undefined
압구정 압구정 배야,undefined
압구정 백야물어,undefined
압구정동백야 74일,undefined
압구정 야야야 틀어줘,play.video
압구정냐요,undefined
앞 압구정 백야,undefined
압구정 동백이야,undefined
압구정라으아,undefined
압구정 야야야,undefined
압구정 페카,undefined
압구정 야외백백이야,undefined
압구정라와,undefined
강남의 백야,undefined
압구정 개야,undefined
압구정베가백이야,undefined
압구정 백야 눌러줘,play.video
압구정베아,undefined
압구정라야,undefined
청담동 100,undefined
청담동 100야,undefined
청담동 스캔들 부탁해,play.video
청담동스케,undefined
청담 며느리,undefined
청담동 스케줄 스캔들 틀어줘,play.video
청담동 스켄,undefined
청담동 스켓,undefined
청담동 술 깨는 해주세요,undefined
청담동 스킨,undefined
청담동 스타일,undefined
청담동 사모님,undefined
청담동스키,undefined
천청담동 스케줄 보여줘,play.video
청담동 스캔들 들으세요,play.video
청담동 습관들,undefined
사랑과 전쟁 컨텐츠 틀어봐,play.video
과학은 취미,undefined
핑크퐁 호기니 니모,undefined
무료 영화 강철비,undefined
도미니카 불사조,undefined
플로라 미풍이,undefined
사당귀정지선,undefined
요괴메카드 OPENING,undefined
미녀와 수잔나,undefined
M.net 2023 MAMA 틀어줘,play.video
찬란한이요,undefined
걸식도사,undefined
초고속 결혼,undefined
강남 백야,undefined
그래 서재,undefined
핀란드에서 셋방살이,undefined
삼색 리리,undefined
사랑은 왜 다리 나무에서,undefined
인사이드 다운 2,undefined
이 순간을 위해,undefined
그 해 크리스마스에는,undefined
그해 크리스마스,undefined
그의 해 크리스마스,undefined
최예나 네모네모,undefined
최고의 도감,undefined
혹시 노인정,undefined
반가워 나의 첫사랑,undefined
마일드 로봇,undefined
열혈사제 10 회 재방송,undefined
핀란드 셋방사이,undefined
헤럴드와 마법 크레용,undefined
REAL LOVE,undefined
사랑은 왜 나무다리에서,undefined
여대사제,undefined
초고속 결혼 열애중,undefined
혹시 위인전,undefined
초고속 결혼 후 열에,undefined
가석방 심사관 8 회,undefined
래브라도 병장 찾아줘,search.video
헤즈빈 호텔,undefined
가석방 검사관이 안심 8 회,undefined
마지막 모아칸,undefined
다림질패밀리,undefined
법정심리의 모든것 3,undefined
거꾸로 뛰는 청개구리,undefined
한여름의 크리스마스,undefined
호두까기,undefined
토순이,undefined
내게 강같은 평화,undefined
간니닌니 슬라임 만드는 거,undefined
이토록 친밀한 배신자 ON 틀어줘,play.video
플로라 미풍의,undefined
최강왕 통합,undefined
헬로카봇 손톱을 예쁘게 만들어줘요,undefined
반가워 나의 첫사랑 더윈드,undefined
아들과 딸 이어보기,resume.video
압구정 백야 49회 틀어줘,play.video
압구정 배야 69회,undefined
압구정 백야 74회,undefined
핀란드 셋방 사이 틀어줘,play.video
영어 넘버블록스,undefined
별나라 미풍이,undefined
드래곤볼 오리지날 틀어줘,play.video
삼색리 멍냥 연구소,undefined
8 서재,undefined
초고속 결혼도 열애중,undefined
삼색리,undefined
홀리 부르스타즈,undefined
열혈사제 10회,undefined
목종 무인,undefined
블루레스큐팀,undefined
공룡 레인저스,undefined
메탈카드봇에뜨,undefined
가석방 검사관이 한신 8 회,undefined
신비아파트 DORTMUND,undefined
8 신부,undefined
용감한 용사 무료,undefined
혹시 후임자,undefined
어른이 윌크,undefined
어메이징 디지털 서커스 5화,undefined
초고속 결혼 후,undefined
이장우 마을,undefined
칼라블록스,undefined
구르미 그린달 10 회,undefined
플라이 낚시,undefined
토끼 종이 접기 틀어줘,play.video
옥상정원 만들기,undefined
PAST LIFE,undefined
베베놈,undefined
너를 서재 2,undefined
류조기,undefined
셋방살이 핀란드,undefined
호텔 델루나 몰아보기,play.video
틴스타티니핑,undefined
인생화보다시보기,play.video
무서워 늑대의 공격,undefined
불꽃 소녀가,undefined
도시계획,undefined
유튜브에서 울면 안돼 들려줘,play.video
엘림동포 교회 유튜브,undefined
유튜브 주님뿐이고,undefined
유튜브 깃발춤 영상,undefined
유튜브 박정순 야생화,undefined
유튜브 사슴벌레 만들기,undefined
꾸래핑 유튜브,undefined
유튜브 기쁜소식 양천교회 이영훈 목사,undefined
유튜브 곰기 수학,undefined
유튜브에서 헬로카봇 킹가이즈 장난감,undefined
유튜브에서 박인수의 목련 들려줘,play.video
유튜브 아파트 라인 댄스,undefined
유튜브 죽상어,undefined
유튜브 메이저리그 명 경기,undefined
유튜브 PICK ME UP,undefined
유튜브 색소폰 찬송가,undefined
바라만 본다 노래 유튜브,undefined
유튜브 첫 만남은 계획대로 어려워,undefined
유튜브 김석훈 나의 쓰레기 아저씨,undefined
유튜브 호두까기 인형 행진곡,undefined
유튜브 서울예대 작곡,undefined
유튜브 어린 송아지 노래 틀어줘,play.video
유튜브 또봇 대도시의 영웅들 시즌 2 PART 3,undefined
유튜브 쉐이드 그리기,undefined
유튜브 공룡 달리기 시합,undefined
유튜브 여기 어때,undefined
유튜브 무명가수,undefined
유튜브 UMBRELLA 아카데미,undefined
유튜브 어린이니까,undefined
유튜브 MUST HAVE LOVE,undefined
유튜브 MBC 뉴스데스까,undefined
유튜브로 빙빙 돌아라,undefined
지옥에서 만남,undefined
사람은 외나무 다리에서,undefined
사랑은 외나무다리 S,undefined
가석방 심사원 이 한신,undefined
가석방 심사관 다시보기,play.video
가석방 심사관 이안산,undefined
가석방 조사관이 안심,undefined
가석방 심사관 9 회,undefined
열혈사제 11 회 재방송,undefined
열혈사제 11호,undefined
오페라 유령 보여줘,play.video
지니야 공조 틀어줘,play.video
또봇 V 우주 수호대 내려줘,undefined
베베핀의 좋아 좋아송 반복해줘,play.video
코끼리 미용실 검색해줘,search.video
혹시 부인전 4 회,undefined
혹시 부인은,undefined
정씨 부인전,undefined
이씨 부인전,undefined
없이 부인전,undefined
박씨 부인 틀어줘,play.video
혹시 부인청,undefined
초고속 결혼 연애중,undefined
초고속 결혼연애,undefined
초고속 결혼의 열애중,undefined
초고속 연애,undefined
결혼 후 연애,undefined
핀란드 하수,undefined
핀란드셋방사,undefined
핀란드 3인방,undefined
압구정 백야 90,undefined
나를 너무 너무 너무 너무 좋아하는 100명의 그녀,undefined
광개토태왕 60회,undefined
착한선주 1 회,undefined
오복식의 크리스마스,undefined
EBS 나의 마지막 집은 어디인가,undefined
넘버 블럭도,undefined
내과의사 봉달해,undefined
무주기,undefined
수목 드라마 수상한 그녀,undefined
덴마크 밖에 유럽,undefined
내과 의사봉준해,undefined
넘버블럭스영어,undefined
저 하늘의 슬픔이,undefined
기아니스오,undefined
즐겁게 춤을 추다가,undefined
마법사가 되지 못한 여자 이야기,undefined
토바 비 쏜다,undefined
소년탐정 김경희,undefined
당신의 눈물,undefined
우리 이제 사랑할수 있을까,undefined
무료 영화 어썰트,undefined
세상 참 예쁜 오드리,undefined
영화 해야 할 일,undefined
모래시계 15 회,undefined
간서치열전,undefined
볼륨 2 스텝 업,undefined
모레 시계,undefined
광개토태왕 50 회,undefined
내과 의사봉달희,undefined
FBI 덴저리스,undefined
오늘도 지송합니더,undefined
NAPPY 셜록 틀어줘,play.video
영야장명,undefined
다래미훼미리,undefined
새벽 24시의 신데렐라,undefined
초밥이 쏜다,undefined
풍향고 3화,undefined
나라 가수,undefined
장송의 프리덴,undefined
KINGDOM OF THE HEAVEN,undefined
냉장고를 부탁해 재방송,undefined
덴마크 밖에 유로,undefined
유튜브 자유 수영 초보,undefined
유튜브 박지혜,undefined
유튜브 시계 나라,undefined
유튜브에서 유리아 크림 사용법 알려줘,play.video
유튜브에서 만약에 말야,undefined
유튜브 곽준빈 세계 기사식당,undefined
광목 커튼 만들기 유튜브,undefined
유튜브 수영 자유형,undefined
유튜브 NEW CREATION,undefined
유튜브 체조 올래올래,undefined
유튜브에서 MBC 실시간 방송,undefined
유튜브 숫자 공부,undefined
유튜브 현역가왕 신승태,undefined
유튜브 WHY STREET,undefined
유튜브 어린이 찬양 무슨 일이야,undefined
유튜브 사슴벌레 장난감,undefined
유튜브에서 메가박스,undefined
유튜브 백앤아 고급 브랜드,undefined
나는 반딧불 노래 유튜브,undefined
부산 온천 교회 유튜브,undefined
유튜브 혜은이 감수광,undefined
유튜브에서 뾰족뾰족 포크가족 풀어줘,undefined
나훈아 유튜브,undefined
유튜브 사슴벌레 뽑기,undefined
유튜브에서 어린이 만화,undefined
유튜브 너와 나의 가을,undefined
유튜브 7 더하기,undefined
유튜브 키즈 넘버블럭스,undefined
유튜브 호기심 딱지 검,undefined
유튜브에서 BLACKPINK IDOL 순위,undefined
유튜브 심진스님 노래,undefined
어찌하여야 유튜브,undefined
유튜브 하얀겨울 노래 듣기,undefined
유튜브 일동 동부교회 수요예배,undefined
압구정동백야 147 회,undefined
실버벨이 울리면,undefined
봉달이,undefined
KFN,undefined
여기가 딱이네,undefined
오로라핑,undefined
수상한 그녀 재방송,undefined
그레디 8,undefined
신데렐라께,undefined
ELEVATION,undefined
광개토태왕 80회,undefined
한강이 온다,undefined
하얀나라,undefined
브레드 이발소 베이커리 0 스타즈,undefined
외과봉달이,undefined
블럭 나라 알려줘,search.video
무료 드라마 동이,undefined
최강왕도감 검색,search.video
삼색 일일이,undefined
하백제,undefined
하백재,undefined
옥씨 부인 5 회,undefined
옥씨 부인 사회,undefined
혹시 내 부인,undefined
가석방 심사관 이연수,undefined
가석방 이현식,undefined
가석방 심사관 이안수,undefined
테라파고스의,undefined
훗카이도,undefined
10 LIVES,undefined
나이팅게,undefined
꿈꾸지 않으면,undefined
CIRCUIT,undefined
밤하늘의 별,undefined
재능TV 슈팅스타 티니핑,undefined
착한 상주시,undefined
비키니 브레이크,undefined
마카앤로니 선인장,undefined
VV 파닉스,undefined
최강의 동물도감,undefined
시골이장,undefined
신데렐라 게임 재방송,undefined
초고속 결혼 후 연애해줘,undefined
선을 넘는 클래식 틀어줘,play.video
선남면 클래스,undefined
어남선생,undefined
어남선생 양념 게장,undefined
핑크퐁이랑 고기랑 새친구 니니모,undefined
넘버 블럭스 무료,undefined
DA RA MI FAMILY,undefined
친절한 한 2시,undefined
마리아 몬테소리,undefined
헌법재판관,undefined
이상한 여자,undefined
오동잎,undefined
아마가미씨는 인연 맺기,undefined
구속심사관 이한신,undefined
사자성어 퀴즈 하자,undefined
압구정 백야 89회 틀어줘,play.video
압구정 백야 71 회,undefined
뚜식이 무료 보기,undefined
강남 비-사이드,undefined
주니토니영어동화뮤지컬틀어줘,play.video
식객 허영만의 백반기행 1 회,undefined
신데렐라 할게,undefined
필그림 교회,undefined
오스만의 제국,undefined
임영웅 I'M 스타디움,undefined
메탈 카드 뭘,undefined
핑크퐁 구구단 노래,undefined
조명 가게 몰아보기,play.video
저 출생 극복 프로젝트,undefined
슈팅스타 캐치티,undefined
달나라에서 사는 여인,undefined
최불암 한국밥상,undefined
석방 심사관 이한신,undefined
트루 랭킹 쇼찐이야,undefined
영야성화,undefined
류쥬키,undefined
이혼캠프 17 회,undefined
훼미리 다리미,undefined
시골 마을의장,undefined
천년의 이야기,undefined
팅커 테일러,undefined
뚜식이 파자마파티,undefined
철도 오타쿠 미치코,undefined
광개토대왕 이어보기,resume.video
을의 연애,undefined
메이의 새빨간 이유,undefined
PADDINGTON 3,undefined
2024 가요대축제,undefined
KBS 가요대축제 글로벌 페스티벌,undefined
WELCOME TO THE SHOW,undefined
본능의 제국,undefined
옥씨 부인의,undefined
혹시 보이저,undefined
혹시 비인증,undefined
혹시 부에,undefined
혹시 문전,undefined
혹시 비행정,undefined
역시 부인전,undefined
귀부인정,undefined
기안 세호,undefined
기안 SAY,undefined
제가 왕도감,undefined
나홀로 집에 한국더빙판,undefined
2024년 가요 대축제,undefined
액슬을 담아 당신에게,undefined
삼생 2리 연구소,undefined
유튜브 파충류 그림 그리기,undefined
유튜브에서 디즈니 공주,undefined
유튜브에서 임영웅의 HOME 라인댄스,undefined
초등학생 영어 유튜브,undefined
유튜브 TONIC 사용법,undefined
유튜브 동탄 시온 교회,undefined
유튜브로 어린이 스트레칭,undefined
유튜브 찹쌀 고추장 담그기,undefined
유튜브 어려운 종이접기,undefined
유튜브 체조송대관 기분이 좋아,undefined
유튜브 실버 건강 댄스,undefined
유튜브 서장훈 눈물,undefined
유튜브 O HOLY NIGHT,undefined
유튜브에서 동물 배틀,undefined
빅뱅 WE LIKE 2 PARTY 유튜브,undefined
유튜브에서 집안 치우기,undefined
알럽 바이블 유튜브,undefined
유튜브에서 아주 NICE,undefined
유튜브 빨라지는 노래,undefined
유튜브 브롤스타즈 크로우,undefined
유튜브 모녀 유럽 여행,undefined
유튜브 요리 프로 떡볶이,undefined
유튜브 제니 MANTRA,undefined
유튜브 흔한 남매해봐,undefined
유튜브 도플갱어 피하기,play.video
유튜브 예수 나의 산소망,undefined
유튜브 실버 건강체조,undefined
핑크퐁 인기동요 유튜브,undefined
유튜브 주의 손에 나의 손을 포개고,undefined
유튜브 한글 용사 아이야 빛,undefined
유튜브 사랑침례교회 실시간,undefined
유튜브 열혈사제 1화,undefined
유튜브 위 베어스 한글,undefined
캠핑 유튜브 틀어줘,play.video
속담놀이 유튜브,undefined
유튜브 카봇 우가바엑스,undefined
유튜브 색종이 접는 법,undefined
유튜브 눈을 굴려서,undefined
유튜브 서울 지하철 환승 음악,undefined
유튜브 삼각큐브접기,undefined
유튜브에서 동물 이름 맞추기,undefined
유튜브 수상한 그녀드라마,undefined
화산인간 검색해줘,search.video
영화 해야 할 일 찾아줘,search.video
랄랄 진짜배기 틀어줘,play.video
지금 거신 전화를 틀어줘,play.video
태리의 장난감 TV 틀어줘,play.video
레고 한글 틀어줘,play.video
맹꽁아 결혼하자 찾아줘,search.video
핑크퐁 영어 들려줘,play.video
과학을 보다 틀어줘,play.video
랄랄라빵빵 노래 틀어줘,play.video
고독의 미식가 틀어줘,play.video
미스터트롯 3 해주세요,play.video
파크골프 틀어주세요,play.video
KBS 가요,undefined
2024 가요,undefined
가요대축제 베이비복스,undefined
가요제 축제,undefined
2024년 KBS 가요대축제,undefined
2023 KBS 가요대축제,undefined
어제 방송한 KBS 가요대축제,undefined
2024 KBS 가요대축제 글로벌 페스티벌,undefined
2024년 KBS 가요대축제 글로벌 페스티벌,undefined
KBS 가요 시상식,undefined
2024년 가요 대상,undefined
의사 봉달해,undefined
의사봉달희,undefined
가석방이,undefined
어 지금 거신 전화는,undefined
지금 거신 전화는 없는,undefined
미녀와 야수 이야기 들려줘,play.video
열혈사제 11 해,undefined
가유파소년,undefined
치앙마이 한달 살기,undefined
나홀로 집에 한국 더빙,undefined
신대리야 전쟁,undefined
엄마의 손두부,undefined
뮤직뱅크 IN JAPAN,undefined
동막골 보여주세요,play.video
좀비 아기 상어,undefined
SBS 열혈신부 10 회,undefined
11 신부,undefined
브레드이발소 빵스타 대결도,undefined
반딧불의 언덕,undefined
칠흑의 추적자 틀어,play.video
결혼 후 연애중,undefined
이탈강사,undefined
핑크퐁 그림자,undefined
아데일의 대지에서,undefined
하얀 곰 하푸,undefined
토트넘 핫스퍼,undefined
심판의 날,undefined
크리스마스 기적,undefined
라아데일의 대지에서,undefined
텐트밖은입니다,undefined
경오년 틀어줘,play.video
불꽃소년축구단,undefined
그리지와 곰,undefined
참돔낚시,undefined
2024 연기대상,undefined
하이스트,undefined
창현이 틀어주세요,play.video
제로의사역싸,undefined
핑크퐁 포기,undefined
베베핑 베베핑,undefined
도넛레인저,undefined
꼬꼬멜론,undefined
호주 테마기행,undefined
신사와 풍경,undefined
모안나,undefined
유재석 풍향계,undefined
와 진짜 이런 일이,undefined
THE POWER OF THE도,undefined
백베이커 2,undefined
반딧불 언덕,undefined
브레드 이발소 0 스타즈,undefined
압구정 백야웨이브,undefined
DAY 6 WELCOME TO SHOW,undefined
윤사제,undefined
류현진 골프,undefined
시네마 파라다이스,undefined
안강이 율동동요,undefined
티니핑 동화,undefined
IVE THE 1ST WORLD TOUR IN CINEMA,undefined
VENOM THE LAST DANCE,undefined
ETERNITY 신화의숲,undefined
알수 없는 세계,undefined
RED ROOMS,undefined
풍향곡,undefined
혹시 본전,undefined
혹시 부인들,undefined
혹시 부인재,undefined
혹시 부인 이전,undefined
혹시 아씨전,undefined
혹시 분,undefined
혹시 부인점,undefined
혹시 부인전 6 회,undefined
혹시 부인 6 회,undefined
혹시 볼링장,undefined
혹시 부인 5 회,undefined
혹시 부인전 재방송,undefined
혹시 무인,undefined
혹시 무인점,undefined
옥씨 부인 6 회,undefined
옥씨 부인 줘,undefined
옥씨 부인견,undefined
옥씨부인저,undefined
옥씨 부인전 5부,undefined
옥씨 부인 5 화,undefined
옥씨부인 5 회 틀어줘,play.video
수옥씨 부인,undefined
옥씨 부인 전어,undefined
열혈사제 12 회 재방송,undefined
핀란드셋방자리,undefined
지금 전화 거는 중 틀어줘,play.video
지금 거신 전화번호는 보여줘,play.video
지금 전화 거신 그대는,undefined
내가 거신 전화는,undefined
지금 거신 전화는 몰아보기,play.video
이젠 결혼할수 있을까 보여줘,play.video
초석 결혼 후 열애중,undefined
유튜브 우리 학생이 아냐,undefined
유튜브 사랑하는 은동아 12 회,undefined
유튜브에서 최우진의 인생지게 들려줘,play.video
유튜브 여의도순복음교회 주일예배 이브,undefined
유튜브 광명 한빛 교회,undefined
유튜브에서 최우진 아미새,undefined
유튜브 다이아나쇼,undefined
유튜브 천주교 사도신경,undefined
유튜브에서 홍진영 내 사랑,undefined
유튜브 사랑하는 은동아 15 회,undefined
유튜브 MOVING BALL,undefined
유튜브에서 이진아 달력 한장,undefined
유튜브 반반의 유치원 친구들 만들기,undefined
높은뜻 광성 교회 유튜브,undefined
유튜브에서 TV 사랑은 싫고,undefined
유튜브 미용실 놀이,undefined
유튜브 여의도순복음교회 주일예배 2 4,undefined
마가의 다락방 유튜브,undefined
유튜브 부평감리교회 저녁 예배,undefined
2024 가요 축제,undefined
2014 가요대축제,undefined
한일가요 톱,undefined
가석방이 한심,undefined
가석방 심사관이 하신,undefined
아 석방 심사관 이한신,undefined
초고속 결혼 후 열애중 10회줘,undefined
불어라 열풍아 41 회,undefined
풍향구,undefined
풍양곡,undefined
풍향골,undefined
풍향,undefined
울어라 미풍아,undefined
언제나 그자리에,undefined
야망 시대,undefined
현역가왕조,undefined
퀸카들이 살아남는 법,undefined
해피버스 직업체험 영어동요 레드,undefined
KISS에 5,undefined
오라라핑,undefined
10월 이장우,undefined
화서동,undefined
사랑은 외다리나무,undefined
황혼의 문턱,undefined
여름 서재,undefined
초고속 연애중,undefined
이혼숙려캠프 18 회,undefined
힘센 봉순이,undefined
별순검 시즌,undefined
얘들 사제 2,undefined
한샘리 연구소,undefined
뉴주기,undefined
명야성하,undefined
5시 부행장,undefined
회신 37 회,undefined
히든스페이스,undefined
GLAD 8,undefined
블랙 죠의 사랑,undefined
사랑은 외나무 다리해줘,undefined
사랑은 외나무다리에 4,undefined
사랑한다 외나무 다리에서,undefined
사랑의 외나무,undefined
뚜식이 7,undefined
한강작가 유튜브,undefined
나두 잼 유튜브,undefined
12 DAYS OF CHRISTMAS,undefined
똘똘이 병원놀이,undefined
2024년 연예대상,undefined
2024 년 SBS 연기대상,undefined
어린이 크리스마스 캐롤,undefined
소사동 보여줘,play.video
2024년 KBS 연예대상 시상식 2부,undefined
이과의사봉달이,undefined
이상한 그녀,undefined
SHOOTING STAR 무료,undefined
지미는 과학,undefined
도라에몽 UTOPIA,undefined
연기대상 1부 틀어줘,play.video
아기 상어 미용실 놀이,undefined
한 판 승부,undefined
다리미 26 회,undefined
대저역 육십회,undefined
옥탑방의 문제아들 OPENING,undefined
눈이 달린 도시 알려줘,play.video
남서울은혜교회 틀어주세요,play.video
수영로 교회,undefined
중앙교회,undefined
방주교회,undefined
삼생미리 멍냥 연구소,undefined
전참시 김도영,undefined
세상에서 가장,undefined
삼생멍냥 연구소,undefined
베들레헴으로 가는 길,undefined
예를 사지,undefined
VENOM 무료,undefined
브레드 이발소 베이커리타운 틀어줘,play.video
셀덤메카드,undefined
로보카폴리 영어로 틀어줘,play.video
무서운 이야기 13 틀어줘,play.video
억시 V,undefined
양평 두물머리,undefined
미움받는 히로인과 비밀스러운,undefined
KBS 음악대축제,undefined
그리지와 RAVAGED,undefined
윌리 웡카와 찰리 공장,undefined
유튜브 드래곤볼 다이마,undefined
자동차 맞추기 유튜브,undefined
유튜브 세광교회 성탄예배,undefined
유튜브에서 크리스마스 배경,undefined
유튜브 하루 또 하루,undefined
유튜브에서 크리스마스 영화,undefined
유튜브 다이소 자동차,undefined
유튜브 배틀 미니카 접기,undefined
유튜브앗 뜨거워 틀어줘,play.video
유튜브에서 미스김노래 들려줘,play.video
유튜브 아틀란타 한인 교회,undefined
유튜브 법 공부 알려줘,play.video
유튜브 오프로드 자동차,undefined
리틀 엔젤 유튜브,undefined
유튜브 연신내 빌라,undefined
유튜브 카봇 세이버,undefined
유튜브 유라포켓몬 빵,undefined
유튜브 나 혼자 산다,undefined
유튜브 크리스마스 아기동요,undefined
유튜브 무말랭이 만드는 법,undefined
유튜브로 1박 2일 3 특집,undefined
유튜브 DITTO 이야기,undefined
유튜브 지하철 용산역,undefined
유튜브 크리스마스 에센셜,undefined
유튜브 개콘 아무말 대잔치,undefined
유튜브에 한화 에어로 스페이스,undefined
유튜브 산타할아버지 오시는 날,undefined
뽀로로 유튜브,undefined
유튜브 별별기적,undefined
유튜브에서 트리클레이로 만들기,undefined
유튜브 크리스마스 만화,undefined
유튜브 김범수 오직 너만,undefined
사랑은 은아무다리에서,undefined
첫사랑은 외나무다리에서,undefined
사랑 외나무 다리,undefined
혹시 윈저,undefined
하이 빅스비 신비아파트 틀어줘,play.video
레고시티 한국 버전 틀어줘,play.video
윤씨 부인전 틀어줘,play.video
엑스가리온 1 찾아줘,undefined
정신병동에도 아침은 찾아와요,undefined
가석방 1회부터,play.video
가석방 심사 심사관 이 한신,undefined
가석방 심사관 11 회,undefined
가석방을 위한 신,undefined
이한신 12 회,undefined
이한신 1회부터,undefined
교도관이 한신,undefined
이한신 12 화,undefined
CATCHING 스타티니핑,undefined
틴 스타 캐치 티니핑,undefined
슈팅스타 캐치티니핑해,undefined
동요 핑크퐁 동물 동요,undefined
이한신 마지막 회,undefined
유튜브에 한화 에어로 스페이스,undefined
유튜브 산타할아버지 오시는 날,undefined
뽀로로 유튜브,undefined
유튜브 별별기적,undefined
유튜브에서 트리클레이로 만들기,undefined
유튜브 크리스마스 만화,undefined
유튜브 김범수 오직 너만,undefined
사랑은 은아무다리에서,undefined
첫사랑은 외나무다리에서,undefined
사랑 외나무 다리,undefined
혹시 윈저,undefined
하이 빅스비 신비아파트 틀어줘,play.video
레고시티 한국 버전 틀어줘,play.video
윤씨 부인전 틀어줘,play.video
엑스가리온 1 찾아줘,search.video
정신병동에도 아침은 찾아와요,undefined
가석방 1회부터,undefined
가석방 심사 심사관 이 한신,undefined
가석방 심사관 11 회,undefined
가석방을 위한 신,undefined
이한신 12 회,undefined
이한신 1회부터,undefined
교도관이 한신,undefined
이한신 12 화,undefined
CATCHING 스타티니핑,undefined
틴 스타 캐치 티니핑,undefined
슈팅스타 캐치티니핑해,undefined
동요 핑크퐁 동물 동요,undefined
이한신 마지막 회,undefined
유튜브에 한화 에어로 스페이스,undefined
유튜브 산타할아버지 오시는 날,undefined
뽀로로 유튜브,undefined
유튜브 별별기적,undefined
유튜브에서 트리클레이로 만들기,undefined
유튜브 크리스마스 만화,undefined
유튜브 김범수 오직 너만,undefined
사랑은 은아무다리에서,undefined
첫사랑은 외나무다리에서,undefined
사랑 외나무 다리,undefined
혹시 윈저,undefined
하이 빅스비 신비아파트 틀어줘,play.video
레고시티 한국 버전 틀어줘,play.video
윤씨 부인전 틀어줘,play.video
엑스가리온 1 찾아줘,search.video
정신병동에도 아침은 찾아와요,undefined
가석방 1회부터,undefined
가석방 심사 심사관 이 한신,undefined
가석방 심사관 11 회,undefined
가석방을 위한 신,undefined
이한신 12 회,undefined
이한신 1회부터,undefined
교도관이 한신,undefined
이한신 12 화,undefined
CATCHING 스타티니핑,undefined
틴 스타 캐치 티니핑,undefined
슈팅스타 캐치티니핑해,undefined
동요 핑크퐁 동물 동요,undefined
이한신 마지막 회,undefined
당신을 알고 싶어요,undefined
유튜브에 한화 에어로 스페이스,undefined
유튜브 산타할아버지 오시는 날,undefined
뽀로로 유튜브,undefined
유튜브 별별기적,undefined
유튜브에서 트리클레이로 만들기,undefined
유튜브 크리스마스 만화,undefined
유튜브 김범수 오직 너만,undefined
사랑은 은아무다리에서,undefined
첫사랑은 외나무다리에서,undefined
사랑 외나무 다리,undefined
혹시 윈저,undefined
하이 빅스비 신비아파트 틀어줘,play.video
레고시티 한국 버전 틀어줘,play.video
윤씨 부인전 틀어줘,play.video
엑스가리온 1 찾아줘,search.video
정신병동에도 아침은 찾아와요,undefined
가석방 1회부터,undefined
가석방 심사 심사관 이 한신,undefined
가석방 심사관 11 회,undefined
가석방을 위한 신,undefined
이한신 12 회,undefined
이한신 1회부터,undefined
교도관이 한신,undefined
이한신 12 화,undefined
CATCHING 스타티니핑,undefined
틴 스타 캐치 티니핑,undefined
슈팅스타 캐치티니핑해,undefined
동요 핑크퐁 동물 동요,undefined
이한신 마지막 회,undefined
당신을 알고 싶어요,undefined
당신을 알고 싶어요,undefined
엑스가리온 1 검색해줘, search.video
레드원 영상 찾아봐, search.video
고둥둥심포니가 무엇인지 알려줘, search.video
마법천자문 관련 정보 좀 찾아줘, search.video
스타워즈 7편 검색해봐, search.video
어벤져스 엔드게임에 대해 알아봐, search.video
해리포터 1편 정보 검색해줘, search.video
원피스 최신화가 있나요?, search.video
나르코스 시즌 1 어디서 볼 수 있는지 찾아줘, search.video
인터스텔라 관련 내용을 찾아봐, search.video
어드벤처 타임 줄거리 검색해줘, search.video
아이언맨 2편 정보 좀 알려줘, search.video
기생충 리뷰를 검색해줘, search.video
로마의 휴일에 대해 알아봐, search.video
해리포터와 비밀의 방 줄거리 찾아봐, search.video
가디언즈 오브 갤럭시 내용 좀 검색해줘, search.video
퍼스트맨 영화 리뷰를 알려줘, search.video
셰프의 테이블 관련 정보 검색해줘, search.video
매트릭스 영화가 어떤 내용인지 알아봐, search.video
겨울왕국 2편에 대해 찾아봐, search.video
킹덤 시즌 2 어디서 볼 수 있나요?, search.video
슈퍼배드 3편이 있는지 검색해줘, search.video
월-E에 대해 알아봐, search.video
좀비랜드 2편 줄거리 검색해봐, search.video
아이언맨 1편에 대해 알려줘, search.video
카우보이 비밥 관련 정보를 찾아봐, search.video
스파이더맨 홈커밍 어디서 볼 수 있는지 검색해줘, search.video
디즈니 애니메이션 정보를 알아봐, search.video
놀러와 시즌 1 줄거리 찾아봐, search.video
반지의 제왕 1부 어디서 볼 수 있나요?, search.video
토이 스토리 4편 관련 정보를 알려줘, search.video
디스 이즈 어스 검색해봐, search.video
주토피아 줄거리 검색해줘, search.video
센과 치히로의 행방불명 정보를 찾아봐, search.video
피지컬: 100 어디서 볼 수 있는지 알려줘, search.video
데드풀 2편 리뷰를 검색해줘, search.video
하우스 오브 카드 시즌 5를 찾아봐, search.video
주성치 영화 리스트를 검색해줘, search.video
원피스 1000화 어디서 볼 수 있나요?, search.video
킹콩의 역습 내용을 알아봐, search.video
공각기동대 영화 줄거리 검색해줘, search.video
킬 빌 1편 리뷰를 찾아봐, search.video
모아나 영화 정보 검색해줘, search.video
트랜스포머 4편 줄거리를 알려줘, search.video
셜록 시즌 4에 대해 알아봐, search.video
몬스터 주식회사 2편 어디서 볼 수 있는지 검색해줘, search.video
브레이킹 배드 시즌 5를 검색해봐, search.video
피터 팬 2003 영화 정보를 찾아줘, search.video
쿵푸 팬더 3편 줄거리를 검색해줘, search.video
어벤져스: 인피니티 워 내용 좀 알려줘, search.video
가브리엘라의 노래를 검색해봐, search.video
플로리다 프로젝트 정보를 찾아봐, search.video
토르: 라그나로크 줄거리를 검색해줘, search.video
리틀 미스 선샤인 영화 리뷰를 알아봐, search.video
인셉션 영화에 대해 알려줘, search.video
해리포터와 죽음의 성물 1편 줄거리를 찾아봐, search.video
캐리비안의 해적 4편 어디서 볼 수 있는지 검색해줘, search.video
맘마미아 2편 정보를 알아봐, search.video
디즈니랜드 VLOG를 검색해줘, search.video
그랜드 부다페스트 호텔 리뷰를 찾아봐, search.video
카드캡터 체리 전체 시즌에 대해 알려줘, search.video
어드벤처 타임 시즌 5를 어디서 볼 수 있나요?, search.video
리틀마스터 시리즈를 검색해봐, search.video
기기괴괴 영화 정보 좀 알려줘, search.video
다크 나이트에 대해 알아봐, search.video
피치 퍼펙트 2 리뷰를 찾아봐, search.video
스쿠비 두 관련 정보를 검색해줘, search.video
한여름의 판타지아 영화 내용을 찾아봐, search.video
서울의 밤 영상 리뷰를 알려줘, search.video
몬스터 스트라이크 영화를 어디서 볼 수 있나요?, search.video
트랜스포머 1편 줄거리 검색해봐, search.video
장고: 분노의 추적자 줄거리를 알아봐, search.video
퍼시픽 림 2편 리뷰를 검색해줘, search.video
나쁜 녀석들 2편 어디서 볼 수 있는지 알려줘, search.video
정글북 2편 관련 정보를 검색해봐, search.video
알라딘 2019 영화 리뷰를 찾아봐, search.video
하이큐 시즌 3 어디서 볼 수 있나요?, search.video
신의 탑 애니메이션 관련 정보를 알아봐, search.video
탑건: 매버릭 줄거리를 검색해줘, search.video
좀비랜드 영화에 대해 알려줘, search.video
카드캡터 체리 시즌 2 정보를 검색해봐, search.video
유미의 세포들 애니메이션 어디서 볼 수 있나요?, search.video
봉오동 전투 영화 리뷰를 알아봐, search.video
어린왕자 영화 정보를 찾아봐, search.video
스타워즈: 깨어난 포스 줄거리를 알려줘, search.video
천공의 성 라퓨타 영화를 검색해봐, search.video
이상한 나라의 앨리스 영화 정보를 알아봐, search.video
넥스트 레벨 영화에 대해 알려줘, search.video
스타트렉: 어둠의 저편 내용을 검색해줘, search.video
멈춘 동영상 이어서 재생해줘, resume.video
일시정지한 영상 다시 시작해, resume.video
지난번 보던 영화 이어서 보기, resume.video
중단했던 유튜브 영상 계속해, resume.video
일시정지한 방송 다시 재생해줘, resume.video
KBS 채널로 변경해줘, set.channel.selected
유튜브 채널로 전환해, set.channel.selected
JTBC로 채널 설정해줘, set.channel.selected
Netflix 채널로 이동해, set.channel.selected
디즈니 채널 선택해줘, set.channel.selected
SBS 채널로 변경해줘, set.channel.selected
MBC 채널로 전환해, set.channel.selected
Amazon Prime 채널로 설정해, set.channel.selected
Hulu 채널로 이동해, set.channel.selected
TV 동영상 채널로 변경해, set.channel.selected
스포티파이 채널로 전환해, set.channel.selected
Twitch 채널로 설정해줘, set.channel.selected
Apple TV 채널로 이동해, set.channel.selected
BBC 채널로 변경해줘, set.channel.selected
CNN 채널로 전환해, set.channel.selected
멈춘 동영상 이어서 재생해줘, resume.video
일시정지한 영상 다시 시작해, resume.video
지난번 보던 영화 이어서 보기, resume.video
중단했던 유튜브 영상 계속해, resume.video
일시정지한 방송 다시 재생해줘, resume.video
멈춘 프로그램 이어서 틀어줘, resume.video
중단된 영화 다시 재생해, resume.video
일시정지한 다큐멘터리 이어서 보기, resume.video
멈춘 드라마 다시 시작해, resume.video
일시정지한 뮤직비디오 이어서 틀어줘, resume.video
중단했던 라이브 스트림 계속해, resume.video
멈춘 애니메이션 다시 재생해, resume.video
일시정지한 강의 영상 이어서 보기, resume.video
중단된 스포츠 경기 다시 재생해, resume.video
멈춘 여행 브이로그 이어서 틀어줘, resume.video
최신 영화 리뷰 찾아줘, search.video
인기 있는 요리 영상 검색해줘, search.video
BTS의 최신 뮤직비디오 찾아줘, search.video
코로나19 관련 뉴스 검색해줘, search.video
기상청 날씨 영상 찾아봐, search.video
오늘의 핫 트렌드 검색해줘, search.video
유명 유튜버의 브이로그 찾아줘, search.video
스포츠 하이라이트 영상 검색해줘, search.video
아이유 콘서트 영상 찾아봐, search.video
다큐멘터리 추천해줘, search.video
애니메이션 영화 리뷰 검색해줘, search.video
기술 관련 강의 영상 찾아줘, search.video
여행 브이로그 검색해줘, search.video
건강 운동 영상 찾아봐, search.video
교육용 콘텐츠 검색해줘, search.video

